file_name;index;fake_or_true;feeling;nr_links;nr_locations;verbos;substantivos;adverbios;pronomes;artigos;adjetivo;numerais;preposicoes;conjuncoes;pontuacao;interjeicoes;verbos_modais;n_palvaras;prop_palavras_erradas;n_camel_case;n_upper_case;n_pronome_1;n_pronome_1_plural;n_pronome_2;n_characteres;avg_sentence;avg_word_length
E:\Documentos Local\GitHub\tcc\Microsservices\MainProgram\,\db\fake\1,txt;1;Fake;-1;0;3;27;52;15;11;29;6;0;27;8;28;1;1;182;0,006211180124223602;16;6;1;0;3;1047;14,0;4,478021978021978
E:\Documentos Local\GitHub\tcc\Microsservices\MainProgram\,\db\fake\10,txt;10;Fake;-1;0;6;43;80;20;15;23;12;2;32;19;30;0;0;251;0,013100436681222707;13;0;1;0;4;1518;23,0;4,800796812749004
E:\Documentos Local\GitHub\tcc\Microsservices\MainProgram\,\db\fake\100,txt;100;Fake;-1;0;14;42;115;8;13;36;9;0;45;9;25;0;2;273;0,008733624454148471;29;5;0;0;5;1671;17,0625;4,923076923076923
E:\Documentos Local\GitHub\tcc\Microsservices\MainProgram\,\db\fake\1000,txt;1000;Fake;-1;0;21;75;197;16;17;79;40;2;94;31;69;0;1;570;0,009487666034155597;26;16;1;2;0;3768;27,285714285714285;5,47719298245614
E:\Documentos Local\GitHub\tcc\Microsservices\MainProgram\,\db\fake\1001,txt;1001;Fake;-1;0;5;22;33;7;9;14;6;0;15;4;20;0;1;110;0,034782608695652174;5;3;1;0;3;666;29,75;4,681818181818182
E:\Documentos Local\GitHub\tcc\Microsservices\MainProgram\,\db\fake\1002,txt;1002;Fake;-1;0;6;15;40;5;2;10;2;1;11;3;11;0;0;90;0,07462686567164178;12;3;0;0;1;619;13,285714285714286;5,666666666666667
E:\Documentos Local\GitHub\tcc\Microsservices\MainProgram\,\db\fake\1003,txt;1003;Fake;-1;0;4;15;37;7;1;10;5;1;13;3;14;0;0;95;0,02702702702702703;10;1;0;1;0;620;13,714285714285714;5,315789473684211
E:\Documentos Local\GitHub\tcc\Microsservices\MainProgram\,\db\fake\1004,txt;1004;Fake;-1;0;17;26;72;14;8;24;20;2;22;11;37;0;2;206;0,03529411764705882;22;7;0;0;0;1324;26,0;5,213592233009709
E:\Documentos Local\GitHub\tcc\Microsservices\MainProgram\,\db\fake\1005,txt;1005;Fake;-1;0;1;10;28;5;3;16;3;0;6;2;30;0;1;76;0,05555555555555555;7;3;0;0;0;449;16,4;4,25
E:\Documentos Local\GitHub\tcc\Microsservices\MainProgram\,\db\fake\1006,txt;1006;Fake;-1;0;11;28;65;5;4;25;13;3;30;9;20;0;2;183;0,02976190476190476;14;4;0;0;0;1065;23,125;4,655737704918033
E:\Documentos Local\GitHub\tcc\Microsservices\MainProgram\,\db\fake\1007,txt;1007;Fake;-1;0;16;26;92;8;2;25;9;25;45;11;51;0;0;247;0,03286384976525822;22;3;0;0;0;1489;27,88888888888889;4,7408906882591095
E:\Documentos Local\GitHub\tcc\Microsservices\MainProgram\,\db\fake\1008,txt;1008;Fake;-1;0;5;28;54;3;8;14;6;3;19;5;31;0;0;149;0,03007518796992481;7;3;1;1;0;970;31,2;5,181208053691275
E:\Documentos Local\GitHub\tcc\Microsservices\MainProgram\,\db\fake\1009,txt;1009;Fake;-1;0;8;27;55;15;15;24;5;2;23;14;37;1;1;178;0,012048192771084338;10;5;5;0;3;978;26,142857142857142;4,202247191011236
E:\Documentos Local\GitHub\tcc\Microsservices\MainProgram\,\db\fake\101,txt;101;Fake;-1;0;2;22;71;2;2;17;8;1;23;8;23;0;0;149;0,041666666666666664;18;9;0;0;0;999;24,833333333333332;5,449664429530201
E:\Documentos Local\GitHub\tcc\Microsservices\MainProgram\,\db\fake\1010,txt;1010;Fake;-1;0;6;18;31;1;3;11;7;1;14;6;23;0;0;95;0,022988505747126436;7;1;0;0;1;614;16,166666666666668;5,168421052631579
E:\Documentos Local\GitHub\tcc\Microsservices\MainProgram\,\db\fake\1011,txt;1011;Fake;-1;0;23;141;162;58;55;85;43;15;68;43;147;0;4;709;0,01300578034682081;8;8;10;3;17;4312;14,795918367346939;4,760225669957687
E:\Documentos Local\GitHub\tcc\Microsservices\MainProgram\,\db\fake\1012,txt;1012;Fake;-1;0;12;27;57;13;11;20;9;1;21;9;43;0;2;175;0,024390243902439025;13;4;0;0;2;1079;30,333333333333332;4,7942857142857145
E:\Documentos Local\GitHub\tcc\Microsservices\MainProgram\,\db\fake\1013,txt;1013;Fake;-1;0;2;16;36;10;3;13;6;0;13;2;31;0;1;103;0,022727272727272728;12;3;0;0;0;622;15,0;4,679611650485437
E:\Documentos Local\GitHub\tcc\Microsservices\MainProgram\,\db\fake\1014,txt;1014;Fake;-1;0;24;71;127;51;21;60;34;1;69;28;101;0;3;475;0,010752688172043012;8;3;1;2;3;2971;36,92307692307692;5,012631578947368
E:\Documentos Local\GitHub\tcc\Microsservices\MainProgram\,\db\fake\1015,txt;1015;Fake;-1;0;10;26;63;15;6;19;6;10;15;8;47;0;0;181;0,013333333333333334;23;11;0;1;0;1091;26,285714285714285;4,657458563535911
E:\Documentos Local\GitHub\tcc\Microsservices\MainProgram\,\db\fake\1016,txt;1016;Fake;-1;0;14;31;75;11;9;29;13;8;29;9;50;0;2;219;0,015463917525773196;17;5;0;0;0;1319;20,272727272727273;4,744292237442922
E:\Documentos Local\GitHub\tcc\Microsservices\MainProgram\,\db\fake\1017,txt;1017;Fake;-1;0;0;15;30;3;8;13;1;0;9;4;24;0;0;84;0,028985507246376812;10;3;3;0;2;510;14,333333333333334;4,7023809523809526
E:\Documentos Local\GitHub\tcc\Microsservices\MainProgram\,\db\fake\1018,txt;1018;Fake;-1;0;23;22;41;6;11;11;6;3;18;4;26;0;0;126;0,02608695652173913;8;3;2;0;2;714;18,285714285714285;4,412698412698413
E:\Documentos Local\GitHub\tcc\Microsservices\MainProgram\,\db\fake\1019,txt;1019;Fake;-1;0;9;23;60;11;6;23;9;1;21;7;29;0;0;168;0,02631578947368421;12;3;0;0;1;1036;19,11111111111111;4,910714285714286
E:\Documentos Local\GitHub\tcc\Microsservices\MainProgram\,\db\fake\102,txt;102;Fake;-1;0;37;44;100;5;9;27;12;17;64;13;38;0;1;310;0,01858736059479554;20;5;0;0;2;1799;19,375;4,603225806451613
E:\Documentos Local\GitHub\tcc\Microsservices\MainProgram\,\db\fake\1020,txt;1020;Fake;-1;0;8;39;46;12;13;31;14;1;15;8;44;1;1;183;0,011695906432748537;10;7;2;0;3;1119;14,461538461538462;4,830601092896175
E:\Documentos Local\GitHub\tcc\Microsservices\MainProgram\,\db\fake\1021,txt;1021;Fake;-1;0;14;48;119;13;9;45;23;20;49;13;59;0;2;362;0,025157232704402517;27;11;0;0;2;2222;19,36842105263158;4,914364640883978
E:\Documentos Local\GitHub\tcc\Microsservices\MainProgram\,\db\fake\1022,txt;1022;Fake;-1;0;13;21;47;7;4;22;4;0;21;4;22;0;0;142;0,01652892561983471;15;6;0;0;1;918;20,428571428571427;5,26056338028169
E:\Documentos Local\GitHub\tcc\Microsservices\MainProgram\,\db\fake\1023,txt;1023;Fake;-1;0;33;19;77;13;5;20;9;5;31;11;31;0;0;198;0,011904761904761904;22;3;0;2;0;1161;20,3;4,6767676767676765
E:\Documentos Local\GitHub\tcc\Microsservices\MainProgram\,\db\fake\1024,txt;1024;Fake;-1;0;2;13;43;2;1;11;7;1;12;4;21;0;0;96;0,038461538461538464;10;5;0;0;0;640;16,166666666666668;5,427083333333333
E:\Documentos Local\GitHub\tcc\Microsservices\MainProgram\,\db\fake\1025,txt;1025;Fake;-1;0;3;12;27;5;1;8;2;0;6;3;16;0;1;69;0,034482758620689655;6;3;0;0;0;408;10,428571428571429;4,550724637681159
E:\Documentos Local\GitHub\tcc\Microsservices\MainProgram\,\db\fake\1026,txt;1026;Fake;-1;0;15;31;90;13;9;26;8;4;37;10;39;0;1;237;0,02857142857142857;16;8;0;0;1;1502;13,333333333333334;5,143459915611814
E:\Documentos Local\GitHub\tcc\Microsservices\MainProgram\,\db\fake\1027,txt;1027;Fake;-1;0;8;9;45;4;2;13;2;4;17;1;20;0;0;98;0,013513513513513514;8;0;0;0;0;605;12,375;4,948979591836735
E:\Documentos Local\GitHub\tcc\Microsservices\MainProgram\,\db\fake\1028,txt;1028;Fake;-1;0;5;19;49;3;1;22;7;0;13;5;26;0;3;122;0,020833333333333332;18;7;0;0;1;689;17,571428571428573;4,401639344262295
E:\Documentos Local\GitHub\tcc\Microsservices\MainProgram\,\db\fake\1029,txt;1029;Fake;-1;0;8;13;30;5;5;11;4;2;9;4;19;0;2;87;0,01282051282051282;7;2;0;0;1;543;15,0;4,931034482758621
E:\Documentos Local\GitHub\tcc\Microsservices\MainProgram\,\db\fake\103,txt;103;Fake;-1;0;4;26;56;7;5;16;2;4;28;8;15;0;0;160;0,007462686567164179;18;2;0;0;0;933;20,125;4,7125
E:\Documentos Local\GitHub\tcc\Microsservices\MainProgram\,\db\fake\1030,txt;1030;Fake;-1;0;12;18;22;4;2;9;9;2;9;7;21;0;0;87;0,0625;6;1;0;0;0;526;22,25;4,724137931034483
E:\Documentos Local\GitHub\tcc\Microsservices\MainProgram\,\db\fake\1031,txt;1031;Fake;-1;0;6;11;40;3;2;8;6;2;6;3;19;0;1;84;0,03333333333333333;8;0;0;0;1;518;12,0;4,904761904761905
E:\Documentos Local\GitHub\tcc\Microsservices\MainProgram\,\db\fake\1032,txt;1032;Fake;-1;0;4;22;47;8;1;22;2;1;19;6;24;0;3;126;0,039603960396039604;17;8;0;0;1;769;21,166666666666668;4,825396825396825
E:\Documentos Local\GitHub\tcc\Microsservices\MainProgram\,\db\fake\1033,txt;1033;Fake;-1;0;0;27;27;4;8;23;4;1;18;4;30;1;1;118;0,025;4;1;2;0;1;727;20,5;4,796610169491525
E:\Documentos Local\GitHub\tcc\Microsservices\MainProgram\,\db\fake\1034,txt;1034;Fake;-1;0;12;32;57;14;5;27;17;1;20;9;40;0;0;191;0,01675977653631285;6;5;0;0;0;1204;17,545454545454547;5,0732984293193715
E:\Documentos Local\GitHub\tcc\Microsservices\MainProgram\,\db\fake\1035,txt;1035;Fake;-1;0;11;25;53;9;9;24;14;1;20;6;48;0;2;165;0,0392156862745098;16;4;0;1;0;1085;29,333333333333332;5,115151515151515
E:\Documentos Local\GitHub\tcc\Microsservices\MainProgram\,\db\fake\1036,txt;1036;Fake;-1;0;4;12;42;7;0;14;6;0;9;4;22;0;0;96;0,038461538461538464;12;4;0;0;0;628;14,142857142857142;5,229166666666667
E:\Documentos Local\GitHub\tcc\Microsservices\MainProgram\,\db\fake\1037,txt;1037;Fake;-1;0;13;40;81;14;8;36;29;2;33;17;41;0;1;267;0,025423728813559324;19;10;0;1;2;1668;22,333333333333332;5,033707865168539
E:\Documentos Local\GitHub\tcc\Microsservices\MainProgram\,\db\fake\1038,txt;1038;Fake;-1;0;2;13;32;7;1;12;4;1;17;2;20;0;0;92;0,045454545454545456;8;1;0;0;0;574;15,833333333333334;4,913043478260869
E:\Documentos Local\GitHub\tcc\Microsservices\MainProgram\,\db\fake\1039,txt;1039;Fake;-1;0;5;19;46;8;3;15;7;0;17;4;29;1;0;117;0,017857142857142856;4;4;1;0;1;771;15,375;5,230769230769231
E:\Documentos Local\GitHub\tcc\Microsservices\MainProgram\,\db\fake\104,txt;104;Fake;-1;0;10;92;146;37;52;69;32;7;97;23;50;0;3;559;0,01303538175046555;21;15;0;2;20;3207;13,30952380952381;4,588550983899821
E:\Documentos Local\GitHub\tcc\Microsservices\MainProgram\,\db\fake\1040,txt;1040;Fake;-1;0;8;13;31;6;0;9;5;3;17;2;15;0;0;93;0,024096385542168676;9;7;0;0;0;578;9,5;5,0
E:\Documentos Local\GitHub\tcc\Microsservices\MainProgram\,\db\fake\1041,txt;1041;Fake;-1;0;4;14;34;4;11;16;2;1;15;2;21;1;1;101;0,03333333333333333;8;1;4;0;0;561;14,571428571428571;4,326732673267327
E:\Documentos Local\GitHub\tcc\Microsservices\MainProgram\,\db\fake\1042,txt;1042;Fake;-1;0;4;13;25;1;3;9;2;1;14;3;22;0;0;75;0,015151515151515152;6;4;0;0;0;441;12,666666666666666;4,56
E:\Documentos Local\GitHub\tcc\Microsservices\MainProgram\,\db\fake\1043,txt;1043;Fake;-1;0;13;33;81;7;8;28;6;4;29;8;38;0;0;214;0,021052631578947368;20;3;0;0;3;1335;24,22222222222222;4,985981308411215
E:\Documentos Local\GitHub\tcc\Microsservices\MainProgram\,\db\fake\1044,txt;1044;Fake;-1;0;1;13;19;6;1;9;5;1;9;0;17;0;0;63;0,05172413793103448;3;1;0;0;0;374;9,285714285714286;4,634920634920635
E:\Documentos Local\GitHub\tcc\Microsservices\MainProgram\,\db\fake\1045,txt;1045;Fake;-1;0;10;31;50;11;5;17;10;4;20;9;35;0;0;163;0,033783783783783786;16;3;0;0;1;994;18,88888888888889;4,766871165644171
E:\Documentos Local\GitHub\tcc\Microsservices\MainProgram\,\db\fake\1046,txt;1046;Fake;-1;0;11;35;90;12;10;34;17;16;55;9;39;0;0;282;0,014814814814814815;7;6;2;1;1;1761;22,23076923076923;5,053191489361702
E:\Documentos Local\GitHub\tcc\Microsservices\MainProgram\,\db\fake\1047,txt;1047;Fake;-1;0;4;23;58;10;6;21;13;4;27;11;47;0;0;186;0,01098901098901099;7;8;1;0;0;1138;16,083333333333332;4,811827956989247
E:\Documentos Local\GitHub\tcc\Microsservices\MainProgram\,\db\fake\1048,txt;1048;Fake;-1;0;5;19;30;5;5;10;4;1;10;3;27;0;1;90;0,04054054054054054;12;2;0;0;1;577;15,666666666666666;4,955555555555556
E:\Documentos Local\GitHub\tcc\Microsservices\MainProgram\,\db\fake\1049,txt;1049;Fake;-1;0;0;17;30;3;3;10;5;1;12;6;20;0;1;90;0,038461538461538464;10;10;0;0;0;552;13,285714285714286;4,844444444444444
E:\Documentos Local\GitHub\tcc\Microsservices\MainProgram\,\db\fake\105,txt;105;Fake;-1;0;25;86;292;31;26;76;20;21;121;29;117;0;3;703;0,019434628975265017;78;19;3;2;6;4247;22,870967741935484;4,755334281650071
E:\Documentos Local\GitHub\tcc\Microsservices\MainProgram\,\db\fake\1050,txt;1050;Fake;-1;0;9;20;44;9;3;18;8;0;15;7;19;0;1;130;0,02702702702702703;12;4;0;0;0;761;16,5;4,6923076923076925
E:\Documentos Local\GitHub\tcc\Microsservices\MainProgram\,\db\fake\1051,txt;1051;Fake;-1;0;12;38;44;6;9;25;2;5;19;9;23;0;1;169;0,018633540372670808;4;6;0;1;3;966;10,625;4,568047337278107
E:\Documentos Local\GitHub\tcc\Microsservices\MainProgram\,\db\fake\1052,txt;1052;Fake;-1;0;9;25;64;9;3;23;7;2;32;8;32;0;0;179;0,025806451612903226;21;4;0;0;1;1066;16,454545454545453;4,737430167597766
E:\Documentos Local\GitHub\tcc\Microsservices\MainProgram\,\db\fake\1053,txt;1053;Fake;-1;0;25;72;180;26;21;88;28;4;80;16;69;0;1;537;0,012711864406779662;32;12;0;1;1;3440;24,727272727272727;5,223463687150838
E:\Documentos Local\GitHub\tcc\Microsservices\MainProgram\,\db\fake\1054,txt;1054;Fake;-1;0;12;26;58;7;8;18;2;2;25;5;22;0;2;152;0,015151515151515152;17;6;0;0;0;907;17,11111111111111;4,776315789473684
E:\Documentos Local\GitHub\tcc\Microsservices\MainProgram\,\db\fake\1055,txt;1055;Fake;-1;0;7;14;18;3;4;10;5;0;7;5;17;0;0;73;0,014705882352941176;2;1;1;0;1;448;12,333333333333334;4,8493150684931505
E:\Documentos Local\GitHub\tcc\Microsservices\MainProgram\,\db\fake\1056,txt;1056;Fake;-1;0;8;27;62;8;4;30;6;1;17;6;23;0;0;167;0,013793103448275862;13;4;0;0;1;1063;19,0;5,203592814371257
E:\Documentos Local\GitHub\tcc\Microsservices\MainProgram\,\db\fake\1057,txt;1057;Fake;-1;0;2;34;72;10;5;28;14;7;30;10;55;0;0;223;0,019801980198019802;21;5;1;0;1;1387;15,266666666666667;4,869955156950673
E:\Documentos Local\GitHub\tcc\Microsservices\MainProgram\,\db\fake\1058,txt;1058;Fake;-1;0;4;13;34;2;2;7;4;0;11;6;18;0;0;82;0,03076923076923077;14;4;0;1;0;514;21,5;4,841463414634147
E:\Documentos Local\GitHub\tcc\Microsservices\MainProgram\,\db\fake\1059,txt;1059;Fake;-1;0;14;39;100;13;6;39;22;2;42;18;54;0;1;296;0,011406844106463879;20;9;0;0;0;1884;23,384615384615383;5,114864864864865
E:\Documentos Local\GitHub\tcc\Microsservices\MainProgram\,\db\fake\106,txt;106;Fake;-1;0;13;33;89;9;10;38;5;4;42;9;45;0;0;244;0,004830917874396135;27;8;2;0;2;1491;20,333333333333332;4,868852459016393
E:\Documentos Local\GitHub\tcc\Microsservices\MainProgram\,\db\fake\1060,txt;1060;Fake;-1;0;10;19;47;3;4;19;8;3;20;3;24;0;1;134;0,026785714285714284;13;9;0;0;0;751;19,142857142857142;4,380597014925373
E:\Documentos Local\GitHub\tcc\Microsservices\MainProgram\,\db\fake\1061,txt;1061;Fake;-1;0;17;41;93;10;11;48;19;5;38;13;51;0;2;287;0,02702702702702703;25;15;1;1;2;1674;19,466666666666665;4,609756097560975
E:\Documentos Local\GitHub\tcc\Microsservices\MainProgram\,\db\fake\1062,txt;1062;Fake;-1;0;2;17;37;4;6;13;4;2;18;5;24;1;2;109;0,020202020202020204;8;1;1;0;0;653;18,5;4,752293577981652
E:\Documentos Local\GitHub\tcc\Microsservices\MainProgram\,\db\fake\1063,txt;1063;Fake;-1;0;12;25;61;13;9;24;8;1;19;8;41;0;1;169;0,041379310344827586;11;2;1;0;2;1042;17,2;4,834319526627219
E:\Documentos Local\GitHub\tcc\Microsservices\MainProgram\,\db\fake\1064,txt;1064;Fake;-1;0;9;27;49;11;14;15;7;1;17;7;27;0;3;149;0,023255813953488372;12;3;0;0;2;847;13,727272727272727;4,4630872483221475
E:\Documentos Local\GitHub\tcc\Microsservices\MainProgram\,\db\fake\1065,txt;1065;Fake;-1;0;5;23;46;8;5;23;6;7;28;5;29;0;1;162;0,01282051282051282;11;9;0;1;0;954;15,0;4,598765432098766
E:\Documentos Local\GitHub\tcc\Microsservices\MainProgram\,\db\fake\1066,txt;1066;Fake;-1;0;13;30;71;12;7;27;7;6;35;15;45;0;1;228;0,015544041450777202;27;12;0;0;3;1356;21,09090909090909;4,68859649122807
E:\Documentos Local\GitHub\tcc\Microsservices\MainProgram\,\db\fake\1067,txt;1067;Fake;-1;0;13;32;49;13;13;15;7;5;27;10;32;0;1;176;0,024844720496894408;18;7;1;0;1;1089;20,11111111111111;4,903409090909091
E:\Documentos Local\GitHub\tcc\Microsservices\MainProgram\,\db\fake\1068,txt;1068;Fake;-1;0;7;41;83;16;8;26;7;1;27;14;48;0;0;232;0,02;17;6;0;0;2;1400;21,636363636363637;4,737068965517241
E:\Documentos Local\GitHub\tcc\Microsservices\MainProgram\,\db\fake\1069,txt;1069;Fake;-1;0;10;20;42;5;3;17;9;1;25;6;14;0;2;133;0,03968253968253968;1;1;0;0;1;833;19,285714285714285;5,142857142857143
E:\Documentos Local\GitHub\tcc\Microsservices\MainProgram\,\db\fake\107,txt;107;Fake;-1;0;16;61;117;18;11;40;19;9;49;18;56;0;5;345;0,015527950310559006;22;11;2;0;5;2172;16,227272727272727;5,0318840579710145
E:\Documentos Local\GitHub\tcc\Microsservices\MainProgram\,\db\fake\1070,txt;1070;Fake;-1;0;0;4;13;0;0;1;0;0;1;0;5;0;0;18;0,0;4;2;0;0;0;116;9,0;5,0
E:\Documentos Local\GitHub\tcc\Microsservices\MainProgram\,\db\fake\1071,txt;1071;Fake;-1;0;9;32;68;10;9;29;14;1;27;4;35;0;1;197;0,022857142857142857;13;3;0;0;1;1286;15,307692307692308;5,309644670050761
E:\Documentos Local\GitHub\tcc\Microsservices\MainProgram\,\db\fake\1072,txt;1072;Fake;-1;0;9;35;87;12;15;30;8;3;27;10;45;2;1;231;0,015;13;7;1;0;2;1341;13,823529411764707;4,588744588744588
E:\Documentos Local\GitHub\tcc\Microsservices\MainProgram\,\db\fake\1073,txt;1073;Fake;-1;0;10;22;51;4;2;20;4;2;19;5;24;0;0;132;0,05128205128205128;13;2;0;0;1;810;19,571428571428573;4,901515151515151
E:\Documentos Local\GitHub\tcc\Microsservices\MainProgram\,\db\fake\1074,txt;1074;Fake;-1;0;11;19;46;5;5;21;9;1;25;4;28;0;0;142;0,023255813953488372;15;5;0;0;0;863;18,25;4,809859154929577
E:\Documentos Local\GitHub\tcc\Microsservices\MainProgram\,\db\fake\1075,txt;1075;Fake;-1;0;4;36;81;18;20;24;8;9;28;12;58;0;0;241;0,019417475728155338;32;8;9;0;1;1432;24,7;4,580912863070539
E:\Documentos Local\GitHub\tcc\Microsservices\MainProgram\,\db\fake\1076,txt;1076;Fake;-1;0;12;20;24;7;7;11;2;3;10;6;13;0;0;93;0,023529411764705882;4;1;0;1;1;537;11,875;4,612903225806452
E:\Documentos Local\GitHub\tcc\Microsservices\MainProgram\,\db\fake\1077,txt;1077;Fake;-1;0;8;36;75;10;8;37;37;6;43;14;24;0;0;272;0,019157088122605363;8;8;0;0;2;1782;19,5;5,444852941176471
E:\Documentos Local\GitHub\tcc\Microsservices\MainProgram\,\db\fake\1078,txt;1078;Fake;-1;0;21;19;51;7;1;13;4;0;22;7;18;0;0;131;0,018018018018018018;10;4;0;0;0;798;13,3;4,916030534351145
E:\Documentos Local\GitHub\tcc\Microsservices\MainProgram\,\db\fake\1079,txt;1079;Fake;-1;0;11;27;61;6;13;25;5;2;21;14;36;0;2;180;0,012578616352201259;15;3;0;0;3;1105;31,0;4,805555555555555
E:\Documentos Local\GitHub\tcc\Microsservices\MainProgram\,\db\fake\108,txt;108;Fake;-1;0;1;31;59;13;7;25;4;2;22;10;18;0;0;180;0,026490066225165563;20;10;0;0;1;1030;25,714285714285715;4,566666666666666
E:\Documentos Local\GitHub\tcc\Microsservices\MainProgram\,\db\fake\1080,txt;1080;Fake;-1;0;12;32;62;11;5;33;18;2;17;10;32;0;0;199;0,011299435028248588;12;9;0;0;0;1256;13,333333333333334;5,14070351758794
E:\Documentos Local\GitHub\tcc\Microsservices\MainProgram\,\db\fake\1081,txt;1081;Fake;-1;0;2;20;30;8;6;12;4;1;10;6;19;2;0;95;0,03296703296703297;6;6;0;0;2;525;16,166666666666668;4,252631578947368
E:\Documentos Local\GitHub\tcc\Microsservices\MainProgram\,\db\fake\1082,txt;1082;Fake;-1;0;2;22;44;7;2;14;0;1;12;7;31;0;0;110;0,010638297872340425;14;9;0;0;0;697;14,375;4,9363636363636365
E:\Documentos Local\GitHub\tcc\Microsservices\MainProgram\,\db\fake\1083,txt;1083;Fake;-1;0;7;22;56;2;5;20;5;2;28;8;22;0;0;154;0,015037593984962405;14;2;0;0;2;921;19,375;4,805194805194805
E:\Documentos Local\GitHub\tcc\Microsservices\MainProgram\,\db\fake\1084,txt;1084;Fake;-1;0;8;18;24;8;5;10;3;3;9;4;14;1;1;93;0,024096385542168676;5;2;1;0;0;583;11,875;5,075268817204301
E:\Documentos Local\GitHub\tcc\Microsservices\MainProgram\,\db\fake\1085,txt;1085;Fake;-1;0;7;29;40;3;8;16;5;1;17;10;17;0;0;136;0,02459016393442623;9;6;0;0;4;810;15,11111111111111;4,794117647058823
E:\Documentos Local\GitHub\tcc\Microsservices\MainProgram\,\db\fake\1086,txt;1086;Fake;-1;0;24;33;94;9;8;30;12;1;32;7;50;0;1;230;0,02040816326530612;22;3;0;1;0;1459;19,5;5,047826086956522
E:\Documentos Local\GitHub\tcc\Microsservices\MainProgram\,\db\fake\1087,txt;1087;Fake;-1;0;11;56;95;16;22;29;29;2;32;13;70;1;3;297;0,017793594306049824;17;27;0;1;5;1943;28,09090909090909;5,191919191919192
E:\Documentos Local\GitHub\tcc\Microsservices\MainProgram\,\db\fake\1088,txt;1088;Fake;-1;0;11;13;49;6;2;13;3;3;19;4;25;0;1;117;0,02197802197802198;13;7;0;0;0;710;14,75;4,837606837606837
E:\Documentos Local\GitHub\tcc\Microsservices\MainProgram\,\db\fake\1089,txt;1089;Fake;-1;0;11;18;58;4;4;15;12;1;22;5;31;0;0;141;0,041666666666666664;11;1;0;0;0;886;18,125;4,99290780141844
E:\Documentos Local\GitHub\tcc\Microsservices\MainProgram\,\db\fake\109,txt;109;Fake;-1;0;17;47;167;15;10;42;10;5;57;13;53;0;1;379;0,0176678445229682;55;19;0;2;3;2315;21,055555555555557;4,87335092348285
E:\Documentos Local\GitHub\tcc\Microsservices\MainProgram\,\db\fake\1090,txt;1090;Fake;-1;0;10;32;77;10;6;27;15;2;16;5;51;0;3;195;0,017045454545454544;11;7;1;0;0;1288;16,666666666666668;5,2615384615384615
E:\Documentos Local\GitHub\tcc\Microsservices\MainProgram\,\db\fake\1091,txt;1091;Fake;-1;0;6;25;65;11;3;26;7;4;24;5;21;0;0;179;0,0457516339869281;14;6;0;0;0;1103;20,0;5,022346368715084
E:\Documentos Local\GitHub\tcc\Microsservices\MainProgram\,\db\fake\1092,txt;1092;Fake;-1;0;3;32;61;9;12;21;10;0;25;7;40;0;0;181;0,018867924528301886;16;5;2;0;2;1110;14,153846153846153;4,861878453038674
E:\Documentos Local\GitHub\tcc\Microsservices\MainProgram\,\db\fake\1093,txt;1093;Fake;-1;0;9;13;45;2;2;10;4;4;13;4;19;0;0;106;0,025;15;5;0;0;0;634;17,833333333333332;4,745283018867925
E:\Documentos Local\GitHub\tcc\Microsservices\MainProgram\,\db\fake\1094,txt;1094;Fake;-1;0;2;22;33;8;6;10;4;3;12;3;26;0;0;100;0,02040816326530612;4;2;0;0;1;635;26,5;4,93
E:\Documentos Local\GitHub\tcc\Microsservices\MainProgram\,\db\fake\1095,txt;1095;Fake;-1;0;0;2;4;0;1;3;0;1;1;1;2;0;0;14;0,15384615384615385;2;0;0;0;0;73;7,5;4,0
E:\Documentos Local\GitHub\tcc\Microsservices\MainProgram\,\db\fake\1096,txt;1096;Fake;-1;0;7;13;23;4;0;9;5;1;9;1;11;0;2;65;0,07272727272727272;5;2;0;0;0;399;11,333333333333334;4,846153846153846
E:\Documentos Local\GitHub\tcc\Microsservices\MainProgram\,\db\fake\1097,txt;1097;Fake;-1;0;12;40;65;11;10;28;9;3;26;10;49;1;3;204;0,02185792349726776;22;8;1;1;0;1196;21,4;4,470588235294118
E:\Documentos Local\GitHub\tcc\Microsservices\MainProgram\,\db\fake\1098,txt;1098;Fake;-1;0;8;23;73;7;4;19;19;1;32;6;37;0;1;193;0,023668639053254437;19;1;0;0;1;1249;19,9;5,2072538860103625
E:\Documentos Local\GitHub\tcc\Microsservices\MainProgram\,\db\fake\1099,txt;1099;Fake;-1;0;3;18;47;9;4;18;2;2;22;7;33;0;1;130;0,045454545454545456;16;2;0;1;1;803;16,75;4,8076923076923075
E:\Documentos Local\GitHub\tcc\Microsservices\MainProgram\,\db\fake\11,txt;11;Fake;-1;0;5;26;74;8;5;23;7;1;28;8;21;0;0;181;0,020134228187919462;14;5;0;0;2;1117;16,454545454545453;4,928176795580111
E:\Documentos Local\GitHub\tcc\Microsservices\MainProgram\,\db\fake\110,txt;110;Fake;-1;0;10;29;83;5;4;25;1;3;25;7;33;0;0;186;0,02702702702702703;30;12;0;0;1;1176;21,444444444444443;5,021505376344086
E:\Documentos Local\GitHub\tcc\Microsservices\MainProgram\,\db\fake\1100,txt;1100;Fake;-1;0;7;19;49;2;1;10;3;1;17;4;21;0;0;114;0,06097560975609756;18;7;0;0;0;702;10,454545454545455;4,93859649122807
E:\Documentos Local\GitHub\tcc\Microsservices\MainProgram\,\db\fake\1101,txt;1101;Fake;-1;0;8;18;54;4;4;17;9;1;16;2;32;0;0;127;0,05714285714285714;20;2;0;0;0;808;19,0;4,9921259842519685
E:\Documentos Local\GitHub\tcc\Microsservices\MainProgram\,\db\fake\1102,txt;1102;Fake;-1;0;8;53;85;16;23;29;12;4;36;18;38;0;1;280;0,007575757575757576;9;3;2;0;4;1649;18,733333333333334;4,746428571428571
E:\Documentos Local\GitHub\tcc\Microsservices\MainProgram\,\db\fake\1103,txt;1103;Fake;-1;0;2;25;59;8;3;27;6;1;18;8;25;0;5;160;0,0;17;6;0;0;1;947;13,333333333333334;4,7375
E:\Documentos Local\GitHub\tcc\Microsservices\MainProgram\,\db\fake\1104,txt;1104;Fake;-1;0;6;24;42;7;4;29;7;2;19;7;33;0;0;142;0,014388489208633094;5;2;0;0;2;858;16,11111111111111;4,725352112676056
E:\Documentos Local\GitHub\tcc\Microsservices\MainProgram\,\db\fake\1105,txt;1105;Fake;-1;0;8;14;50;2;3;12;1;6;22;5;18;0;0;118;0,043010752688172046;18;4;0;1;0;745;20,166666666666668;5,067796610169491
E:\Documentos Local\GitHub\tcc\Microsservices\MainProgram\,\db\fake\1106,txt;1106;Fake;-1;0;3;32;78;7;8;30;8;4;25;10;51;0;0;209;0,03296703296703297;16;3;3;0;0;1309;19,636363636363637;4,92822966507177
E:\Documentos Local\GitHub\tcc\Microsservices\MainProgram\,\db\fake\1107,txt;1107;Fake;-1;0;10;55;72;21;20;36;17;4;44;15;48;0;2;288;0,018315018315018316;16;5;0;2;5;1751;17,58823529411765;4,84375
E:\Documentos Local\GitHub\tcc\Microsservices\MainProgram\,\db\fake\1108,txt;1108;Fake;-1;0;6;21;76;8;4;26;10;4;27;6;34;0;1;187;0,02666666666666667;22;11;0;0;0;1148;17,363636363636363;4,925133689839572
E:\Documentos Local\GitHub\tcc\Microsservices\MainProgram\,\db\fake\1109,txt;1109;Fake;-1;0;12;18;48;7;5;15;11;0;20;7;31;0;0;138;0,03418803418803419;12;3;1;0;0;861;10,285714285714286;4,934782608695652
E:\Documentos Local\GitHub\tcc\Microsservices\MainProgram\,\db\fake\111,txt;111;Fake;-1;0;8;37;74;18;9;30;6;4;29;14;20;2;1;227;0,0;12;3;0;0;3;1316;18,916666666666668;4,634361233480176
E:\Documentos Local\GitHub\tcc\Microsservices\MainProgram\,\db\fake\1110,txt;1110;Fake;-1;0;7;36;63;11;6;26;8;2;29;14;35;0;1;204;0,03389830508474576;20;6;0;0;1;1193;20,6;4,642156862745098
E:\Documentos Local\GitHub\tcc\Microsservices\MainProgram\,\db\fake\1111,txt;1111;Fake;-1;0;8;16;41;6;3;14;4;0;11;5;25;0;0;103;0,024390243902439025;12;5;0;0;0;649;21,0;4,980582524271845
E:\Documentos Local\GitHub\tcc\Microsservices\MainProgram\,\db\fake\1112,txt;1112;Fake;-1;0;15;92;138;40;35;72;35;22;83;50;97;5;1;592;0,01232394366197183;18;3;4;4;6;3548;19,966666666666665;4,804054054054054
E:\Documentos Local\GitHub\tcc\Microsservices\MainProgram\,\db\fake\1113,txt;1113;Fake;-1;0;10;28;87;11;4;27;12;1;36;6;37;0;0;208;0,047058823529411764;27;6;0;0;0;1387;19,545454545454547;5,375
E:\Documentos Local\GitHub\tcc\Microsservices\MainProgram\,\db\fake\1114,txt;1114;Fake;-1;0;6;21;22;7;8;18;1;0;9;4;22;0;0;95;0,0449438202247191;4;3;1;0;3;610;19,4;5,094736842105263
E:\Documentos Local\GitHub\tcc\Microsservices\MainProgram\,\db\fake\1115,txt;1115;Fake;-1;0;18;68;128;25;29;53;16;6;52;20;90;0;4;396;0,0113314447592068;49;15;2;0;8;2372;17,608695652173914;4,69949494949495
E:\Documentos Local\GitHub\tcc\Microsservices\MainProgram\,\db\fake\1116,txt;1116;Fake;-1;0;20;41;93;20;6;37;9;4;33;11;58;1;0;259;0,0273972602739726;27;10;0;0;0;1620;16,4375;4,957528957528957
E:\Documentos Local\GitHub\tcc\Microsservices\MainProgram\,\db\fake\1117,txt;1117;Fake;-1;0;6;11;35;0;0;10;3;0;8;1;16;0;0;69;0,03773584905660377;7;3;0;0;0;471;11,666666666666666;5,579710144927536
E:\Documentos Local\GitHub\tcc\Microsservices\MainProgram\,\db\fake\1118,txt;1118;Fake;-1;0;15;62;97;26;23;44;19;1;49;19;56;0;1;360;0,02005730659025788;7;3;2;0;6;2273;19,36842105263158;5,105555555555555
E:\Documentos Local\GitHub\tcc\Microsservices\MainProgram\,\db\fake\1119,txt;1119;Fake;-1;0;5;17;35;3;3;12;6;4;12;5;20;0;2;96;0,08139534883720931;8;1;0;0;0;636;12,25;5,354166666666667
E:\Documentos Local\GitHub\tcc\Microsservices\MainProgram\,\db\fake\112,txt;112;Fake;-1;0;12;19;57;10;3;20;10;3;27;6;13;0;0;160;0,028985507246376812;10;5;0;0;1;988;20,0;5,06875
E:\Documentos Local\GitHub\tcc\Microsservices\MainProgram\,\db\fake\1120,txt;1120;Fake;-1;0;6;31;67;4;7;28;7;0;29;7;37;0;0;185;0,018292682926829267;18;10;0;0;0;1099;21,0;4,6702702702702705
E:\Documentos Local\GitHub\tcc\Microsservices\MainProgram\,\db\fake\1121,txt;1121;Fake;-1;0;3;18;51;11;2;20;5;2;18;5;23;0;0;135;0,026785714285714284;16;11;0;0;0;786;23,166666666666668;4,5777777777777775
E:\Documentos Local\GitHub\tcc\Microsservices\MainProgram\,\db\fake\1122,txt;1122;Fake;-1;0;5;9;46;1;1;2;1;12;9;0;21;0;1;76;0,023255813953488372;18;5;0;0;1;484;21,0;4,75
E:\Documentos Local\GitHub\tcc\Microsservices\MainProgram\,\db\fake\1123,txt;1123;Fake;-1;0;14;25;62;6;9;20;9;4;24;5;28;0;0;160;0,007462686567164179;16;2;0;0;0;989;13,333333333333334;4,99375
E:\Documentos Local\GitHub\tcc\Microsservices\MainProgram\,\db\fake\1124,txt;1124;Fake;-1;0;19;48;135;9;5;53;33;5;55;18;39;0;2;371;0,021875;38;33;0;5;0;2313;26,928571428571427;5,091644204851752
E:\Documentos Local\GitHub\tcc\Microsservices\MainProgram\,\db\fake\1125,txt;1125;Fake;-1;0;6;20;33;9;7;20;13;2;17;8;24;0;0;136;0,030303030303030304;5;6;1;1;1;820;15,555555555555555;4,786764705882353
E:\Documentos Local\GitHub\tcc\Microsservices\MainProgram\,\db\fake\1126,txt;1126;Fake;-1;0;9;35;59;10;8;28;11;2;17;6;37;0;0;182;0,018292682926829267;13;1;0;0;0;1091;20,555555555555557;4,758241758241758
E:\Documentos Local\GitHub\tcc\Microsservices\MainProgram\,\db\fake\1127,txt;1127;Fake;-1;0;7;20;26;9;9;10;5;0;4;5;21;0;1;95;0,025;8;6;0;0;4;582;13,857142857142858;4,852631578947369
E:\Documentos Local\GitHub\tcc\Microsservices\MainProgram\,\db\fake\1128,txt;1128;Fake;-1;0;8;32;56;8;6;25;6;10;28;9;28;0;2;194;0,01764705882352941;16;11;1;1;1;1183;17,727272727272727;4,902061855670103
E:\Documentos Local\GitHub\tcc\Microsservices\MainProgram\,\db\fake\1129,txt;1129;Fake;-1;0;16;26;85;8;1;32;12;17;48;13;33;0;0;253;0,02252252252252252;23;15;0;0;0;1470;18,214285714285715;4,640316205533597
E:\Documentos Local\GitHub\tcc\Microsservices\MainProgram\,\db\fake\113,txt;113;Fake;-1;0;39;39;114;11;16;48;27;11;53;12;28;0;1;348;0,026755852842809364;27;4;0;2;3;2049;21,75;4,755747126436781
E:\Documentos Local\GitHub\tcc\Microsservices\MainProgram\,\db\fake\1130,txt;1130;Fake;-1;0;14;81;167;23;36;70;21;2;61;26;104;1;1;511;0,015555555555555555;38;13;3;2;5;3158;24,857142857142858;4,913894324853229
E:\Documentos Local\GitHub\tcc\Microsservices\MainProgram\,\db\fake\1131,txt;1131;Fake;-1;0;7;29;77;9;4;27;6;1;32;6;26;0;1;199;0,006172839506172839;23;12;0;0;0;1219;18,09090909090909;4,9798994974874375
E:\Documentos Local\GitHub\tcc\Microsservices\MainProgram\,\db\fake\1132,txt;1132;Fake;-1;0;1;16;19;2;2;8;2;1;6;4;12;0;1;65;0,05263157894736842;3;3;0;0;0;393;13,2;4,7846153846153845
E:\Documentos Local\GitHub\tcc\Microsservices\MainProgram\,\db\fake\1133,txt;1133;Fake;-1;0;7;40;75;12;14;37;9;4;23;14;39;1;0;235;0,008888888888888889;8;6;1;0;4;1389;17,0;4,714893617021277
E:\Documentos Local\GitHub\tcc\Microsservices\MainProgram\,\db\fake\1134,txt;1134;Fake;-1;0;7;17;57;4;3;19;9;2;22;6;28;0;1;144;0,05737704918032787;14;6;0;0;0;878;16,444444444444443;4,854166666666667
E:\Documentos Local\GitHub\tcc\Microsservices\MainProgram\,\db\fake\1135,txt;1135;Fake;-1;0;11;17;49;3;6;16;6;0;16;5;29;0;0;121;0,041237113402061855;16;4;0;0;0;778;13,666666666666666;5,132231404958677
E:\Documentos Local\GitHub\tcc\Microsservices\MainProgram\,\db\fake\1136,txt;1136;Fake;-1;0;12;29;67;5;14;28;6;1;25;7;39;0;0;180;0,030303030303030304;16;5;0;0;1;1140;18,2;5,072222222222222
E:\Documentos Local\GitHub\tcc\Microsservices\MainProgram\,\db\fake\1137,txt;1137;Fake;-1;0;6;15;29;8;9;15;9;0;8;3;20;0;0;98;0,021739130434782608;2;2;0;1;0;634;16,333333333333332;5,255102040816326
E:\Documentos Local\GitHub\tcc\Microsservices\MainProgram\,\db\fake\1138,txt;1138;Fake;-1;0;7;23;36;2;6;17;3;1;17;4;15;0;0;107;0,02040816326530612;9;5;0;0;0;658;15,571428571428571;4,934579439252336
E:\Documentos Local\GitHub\tcc\Microsservices\MainProgram\,\db\fake\1139,txt;1139;Fake;-1;0;4;12;64;1;2;9;0;2;18;4;17;0;1;112;0,0;21;7;0;0;0;650;12,444444444444445;4,642857142857143
E:\Documentos Local\GitHub\tcc\Microsservices\MainProgram\,\db\fake\114,txt;114;Fake;-1;0;29;44;140;15;7;43;16;2;55;12;45;0;1;327;0,019083969465648856;27;4;0;0;0;2151;32,9;5,330275229357798
E:\Documentos Local\GitHub\tcc\Microsservices\MainProgram\,\db\fake\1140,txt;1140;Fake;-1;0;5;19;61;2;5;10;4;5;23;3;24;0;0;135;0,02857142857142857;17;7;0;1;1;812;17,625;4,777777777777778
E:\Documentos Local\GitHub\tcc\Microsservices\MainProgram\,\db\fake\1141,txt;1141;Fake;-1;0;12;19;48;5;4;19;3;4;14;4;31;0;0;127;0,008928571428571428;13;10;0;0;1;751;14,666666666666666;4,582677165354331
E:\Documentos Local\GitHub\tcc\Microsservices\MainProgram\,\db\fake\1142,txt;1142;Fake;-1;0;0;2;9;1;1;1;0;0;3;1;3;0;0;17;0,07142857142857142;2;1;0;0;0;100;9,0;4,588235294117647
E:\Documentos Local\GitHub\tcc\Microsservices\MainProgram\,\db\fake\1143,txt;1143;Fake;-1;0;10;31;49;13;11;24;11;1;13;9;38;1;1;163;0,027972027972027972;14;5;1;0;0;990;23,571428571428573;4,791411042944786
E:\Documentos Local\GitHub\tcc\Microsservices\MainProgram\,\db\fake\1144,txt;1144;Fake;-1;0;5;30;44;12;15;21;11;0;12;6;36;0;1;153;0,013513513513513514;4;3;7;0;1;900;26,0;4,57516339869281
E:\Documentos Local\GitHub\tcc\Microsservices\MainProgram\,\db\fake\1145,txt;1145;Fake;-1;0;1;2;14;2;0;3;0;2;4;0;5;0;0;27;0,05263157894736842;4;1;0;0;0;173;13,5;5,148148148148148
E:\Documentos Local\GitHub\tcc\Microsservices\MainProgram\,\db\fake\1146,txt;1146;Fake;-1;0;2;25;35;6;13;10;8;0;8;17;33;0;2;126;0,041666666666666664;9;3;2;0;5;774;32,75;4,753968253968254
E:\Documentos Local\GitHub\tcc\Microsservices\MainProgram\,\db\fake\1147,txt;1147;Fake;-1;0;16;45;100;14;8;55;28;10;61;7;50;0;1;343;0,03058103975535168;16;6;0;0;2;2126;17,3;5,02332361516035
E:\Documentos Local\GitHub\tcc\Microsservices\MainProgram\,\db\fake\1148,txt;1148;Fake;-1;0;6;18;55;8;1;19;7;4;26;6;30;0;0;152;0,029411764705882353;16;10;0;0;0;892;19,125;4,644736842105263
E:\Documentos Local\GitHub\tcc\Microsservices\MainProgram\,\db\fake\1149,txt;1149;Fake;-1;0;10;21;71;7;8;26;7;3;28;8;43;0;0;178;0,012048192771084338;18;4;0;1;0;1143;37,0;5,050561797752809
E:\Documentos Local\GitHub\tcc\Microsservices\MainProgram\,\db\fake\115,txt;115;Fake;-1;0;7;35;110;7;15;31;8;5;29;10;24;0;2;247;0,015625;26;7;2;0;3;1469;22,454545454545453;4,765182186234818
E:\Documentos Local\GitHub\tcc\Microsservices\MainProgram\,\db\fake\1150,txt;1150;Fake;-1;0;6;37;68;11;6;26;6;2;28;11;36;0;0;207;0,02185792349726776;18;5;0;0;0;1240;19,09090909090909;4,777777777777778
E:\Documentos Local\GitHub\tcc\Microsservices\MainProgram\,\db\fake\1151,txt;1151;Fake;-1;0;8;27;65;10;1;27;10;2;25;7;29;0;1;183;0,031446540880503145;17;7;0;0;0;1131;26,428571428571427;4,972677595628415
E:\Documentos Local\GitHub\tcc\Microsservices\MainProgram\,\db\fake\1152,txt;1152;Fake;-1;0;1;5;14;2;0;2;0;0;4;2;9;0;0;29;0,0;1;1;0;0;0;197;14,5;5,413793103448276
E:\Documentos Local\GitHub\tcc\Microsservices\MainProgram\,\db\fake\1153,txt;1153;Fake;-1;0;2;11;47;5;0;12;6;2;17;3;16;0;1;106;0,012345679012345678;11;9;0;0;0;585;13,25;4,339622641509434
E:\Documentos Local\GitHub\tcc\Microsservices\MainProgram\,\db\fake\1154,txt;1154;Fake;-1;0;9;34;51;9;5;15;9;2;14;8;19;0;1;151;0,007575757575757576;9;3;0;1;0;942;16,77777777777778;5,099337748344371
E:\Documentos Local\GitHub\tcc\Microsservices\MainProgram\,\db\fake\1155,txt;1155;Fake;-1;0;7;19;37;6;3;18;14;9;21;8;16;0;0;155;0,014285714285714285;11;6;0;0;0;847;22,142857142857142;4,348387096774194
E:\Documentos Local\GitHub\tcc\Microsservices\MainProgram\,\db\fake\1156,txt;1156;Fake;-1;0;7;13;48;9;4;19;6;6;24;6;20;0;1;139;0,016260162601626018;14;6;0;0;0;788;19,857142857142858;4,510791366906475
E:\Documentos Local\GitHub\tcc\Microsservices\MainProgram\,\db\fake\1157,txt;1157;Fake;-1;0;10;48;146;15;4;39;19;62;73;13;108;0;2;465;0,030732860520094562;45;36;0;1;2;2745;26,88888888888889;4,496774193548387
E:\Documentos Local\GitHub\tcc\Microsservices\MainProgram\,\db\fake\1158,txt;1158;Fake;-1;0;6;35;81;10;11;29;10;0;29;12;36;0;1;228;0,014563106796116505;14;5;0;1;1;1353;19,333333333333332;4,732456140350878
E:\Documentos Local\GitHub\tcc\Microsservices\MainProgram\,\db\fake\1159,txt;1159;Fake;-1;0;7;41;49;17;18;25;2;2;22;17;37;0;1;202;0,0213903743315508;15;4;1;1;5;1188;18,727272727272727;4,633663366336633
E:\Documentos Local\GitHub\tcc\Microsservices\MainProgram\,\db\fake\116,txt;116;Fake;-1;0;14;49;116;27;13;40;11;4;29;16;38;0;6;309;0,023255813953488372;31;12;1;1;1;1887;13,208333333333334;4,84789644012945
E:\Documentos Local\GitHub\tcc\Microsservices\MainProgram\,\db\fake\1160,txt;1160;Fake;-1;0;2;15;38;6;3;15;3;0;12;4;9;0;0;99;0,023529411764705882;7;3;0;1;0;612;12,5;5,070707070707071
E:\Documentos Local\GitHub\tcc\Microsservices\MainProgram\,\db\fake\1161,txt;1161;Fake;-1;0;6;22;49;11;1;20;6;3;18;2;19;0;0;134;0,026785714285714284;10;6;0;0;0;837;15,0;5,044776119402985
E:\Documentos Local\GitHub\tcc\Microsservices\MainProgram\,\db\fake\1162,txt;1162;Fake;-1;0;5;29;48;10;5;24;7;1;16;11;22;0;2;159;0,020689655172413793;16;7;0;0;0;915;16,2;4,60377358490566
E:\Documentos Local\GitHub\tcc\Microsservices\MainProgram\,\db\fake\1163,txt;1163;Fake;-1;0;2;28;51;13;9;28;5;0;25;9;23;0;0;170;0,03048780487804878;8;6;0;0;1;978;21,75;4,58235294117647
E:\Documentos Local\GitHub\tcc\Microsservices\MainProgram\,\db\fake\1164,txt;1164;Fake;-1;0;7;21;46;6;7;19;5;4;20;7;25;0;0;139;0,023255813953488372;8;1;2;0;1;880;20,142857142857142;5,093525179856115
E:\Documentos Local\GitHub\tcc\Microsservices\MainProgram\,\db\fake\1165,txt;1165;Fake;-1;0;20;64;98;34;21;47;37;3;46;23;79;0;5;389;0,03513513513513514;17;13;1;3;3;2455;16,416666666666668;5,092544987146529
E:\Documentos Local\GitHub\tcc\Microsservices\MainProgram\,\db\fake\1166,txt;1166;Fake;-1;0;8;22;64;5;4;18;3;2;25;7;25;0;0;156;0,024193548387096774;20;10;0;0;0;949;19,75;4,878205128205129
E:\Documentos Local\GitHub\tcc\Microsservices\MainProgram\,\db\fake\1167,txt;1167;Fake;-1;0;7;17;48;2;5;15;5;1;16;5;20;0;0;120;0,0196078431372549;10;3;0;0;0;743;15,25;4,991666666666666
E:\Documentos Local\GitHub\tcc\Microsservices\MainProgram\,\db\fake\1168,txt;1168;Fake;-1;0;2;12;18;2;4;9;4;0;8;6;13;0;0;64;0,05357142857142857;6;1;1;0;0;385;13,0;4,765625
E:\Documentos Local\GitHub\tcc\Microsservices\MainProgram\,\db\fake\1169,txt;1169;Fake;-1;0;17;35;83;7;6;31;13;0;42;12;33;0;1;241;0,014285714285714285;14;6;0;1;0;1520;18,615384615384617;5,145228215767635
E:\Documentos Local\GitHub\tcc\Microsservices\MainProgram\,\db\fake\117,txt;117;Fake;-1;0;21;31;136;12;6;39;9;1;57;12;30;0;0;307;0,00851063829787234;33;6;0;2;1;1959;27,90909090909091;5,2182410423452765
E:\Documentos Local\GitHub\tcc\Microsservices\MainProgram\,\db\fake\1170,txt;1170;Fake;-1;0;13;19;59;5;8;14;8;3;23;5;25;0;0;147;0,008333333333333333;12;4;0;1;3;892;18,625;4,8231292517006805
E:\Documentos Local\GitHub\tcc\Microsservices\MainProgram\,\db\fake\1171,txt;1171;Fake;-1;0;4;21;33;10;4;22;6;0;22;7;24;0;1;137;0,014705882352941176;2;2;0;0;0;773;22,833333333333332;4,452554744525547
E:\Documentos Local\GitHub\tcc\Microsservices\MainProgram\,\db\fake\1172,txt;1172;Fake;-1;0;7;20;45;9;2;15;8;2;17;7;20;0;0;127;0,017094017094017096;11;2;0;0;0;831;21,5;5,31496062992126
E:\Documentos Local\GitHub\tcc\Microsservices\MainProgram\,\db\fake\1173,txt;1173;Fake;-1;0;8;33;66;15;4;30;18;1;23;14;35;0;1;205;0,010810810810810811;17;8;0;0;0;1247;23,22222222222222;4,84390243902439
E:\Documentos Local\GitHub\tcc\Microsservices\MainProgram\,\db\fake\1174,txt;1174;Fake;-1;0;16;17;45;5;2;18;8;1;18;4;30;0;0;116;0,030612244897959183;12;4;0;0;0;739;13,444444444444445;5,008620689655173
E:\Documentos Local\GitHub\tcc\Microsservices\MainProgram\,\db\fake\1175,txt;1175;Fake;-1;0;1;45;72;14;36;24;8;1;21;9;58;2;1;242;0,014925373134328358;31;11;16;1;2;1407;15,9375;4,446280991735537
E:\Documentos Local\GitHub\tcc\Microsservices\MainProgram\,\db\fake\1176,txt;1176;Fake;-1;0;6;21;52;10;11;10;2;2;18;5;35;0;0;134;0,02857142857142857;16;5;6;0;1;733;17,0;4,17910447761194
E:\Documentos Local\GitHub\tcc\Microsservices\MainProgram\,\db\fake\1177,txt;1177;Fake;-1;0;4;21;52;2;6;21;12;1;26;5;19;0;1;149;0,022900763358778626;14;0;0;0;1;895;21,428571428571427;4,8389261744966445
E:\Documentos Local\GitHub\tcc\Microsservices\MainProgram\,\db\fake\1178,txt;1178;Fake;-1;0;10;27;74;8;5;28;10;2;23;8;36;0;0;187;0,032467532467532464;19;9;0;2;1;1209;23,625;5,235294117647059
E:\Documentos Local\GitHub\tcc\Microsservices\MainProgram\,\db\fake\1179,txt;1179;Fake;-1;0;3;20;64;3;9;16;8;0;23;6;34;0;0;148;0,016666666666666666;15;3;2;0;1;955;21,428571428571427;5,195945945945946
E:\Documentos Local\GitHub\tcc\Microsservices\MainProgram\,\db\fake\118,txt;118;Fake;-1;0;11;31;83;8;4;33;21;4;40;6;33;0;1;237;0,023148148148148147;15;8;0;0;0;1533;19,75;5,270042194092827
E:\Documentos Local\GitHub\tcc\Microsservices\MainProgram\,\db\fake\1180,txt;1180;Fake;-1;0;3;15;41;4;1;9;3;3;11;2;21;0;0;88;0,05333333333333334;5;4;0;0;0;585;12,714285714285714;5,340909090909091
E:\Documentos Local\GitHub\tcc\Microsservices\MainProgram\,\db\fake\1181,txt;1181;Fake;-1;0;8;29;55;4;17;20;12;4;22;7;27;0;2;174;0,02631578947368421;9;10;1;0;4;1028;17,6;4,724137931034483
E:\Documentos Local\GitHub\tcc\Microsservices\MainProgram\,\db\fake\1182,txt;1182;Fake;-1;0;12;39;75;12;8;28;16;0;19;14;34;0;0;216;0,015463917525773196;18;4;0;0;0;1338;27,625;4,976851851851852
E:\Documentos Local\GitHub\tcc\Microsservices\MainProgram\,\db\fake\1183,txt;1183;Fake;-1;0;0;9;13;4;1;4;4;1;4;1;8;0;0;40;0,02702702702702703;1;0;0;0;0;265;10,5;5,325
E:\Documentos Local\GitHub\tcc\Microsservices\MainProgram\,\db\fake\1184,txt;1184;Fake;-1;0;3;26;43;6;6;28;9;3;29;5;26;0;0;158;0,02027027027027027;9;7;0;0;0;959;17,77777777777778;4,841772151898734
E:\Documentos Local\GitHub\tcc\Microsservices\MainProgram\,\db\fake\1185,txt;1185;Fake;-1;0;9;28;53;11;5;22;1;1;23;7;31;1;0;154;0,02962962962962963;18;6;1;0;1;921;15,8;4,707792207792208
E:\Documentos Local\GitHub\tcc\Microsservices\MainProgram\,\db\fake\1186,txt;1186;Fake;-1;0;14;43;65;12;13;29;16;4;29;11;25;0;2;231;0,02403846153846154;17;6;0;0;1;1420;17,76923076923077;5,017316017316017
E:\Documentos Local\GitHub\tcc\Microsservices\MainProgram\,\db\fake\1187,txt;1187;Fake;-1;0;10;22;36;7;7;17;8;1;9;4;24;0;0;116;0,02857142857142857;7;4;0;0;0;768;13,222222222222221;5,353448275862069
E:\Documentos Local\GitHub\tcc\Microsservices\MainProgram\,\db\fake\1188,txt;1188;Fake;-1;0;5;16;49;4;3;17;6;5;21;6;25;0;0;133;0,017857142857142856;14;9;0;0;0;758;16,875;4,481203007518797
E:\Documentos Local\GitHub\tcc\Microsservices\MainProgram\,\db\fake\1189,txt;1189;Fake;-1;0;8;28;86;19;8;35;20;7;32;12;37;0;1;250;0,008968609865470852;24;9;0;2;1;1534;20,833333333333332;4,956
E:\Documentos Local\GitHub\tcc\Microsservices\MainProgram\,\db\fake\119,txt;119;Fake;-1;0;19;35;114;12;13;30;14;2;53;13;38;0;1;284;0,01680672268907563;29;8;1;0;1;1671;35,5;4,690140845070423
E:\Documentos Local\GitHub\tcc\Microsservices\MainProgram\,\db\fake\1190,txt;1190;Fake;-1;0;11;20;65;8;9;20;6;6;23;11;39;0;0;175;0,02142857142857143;31;12;0;2;0;1040;17,8;4,634285714285714
E:\Documentos Local\GitHub\tcc\Microsservices\MainProgram\,\db\fake\1191,txt;1191;Fake;-1;0;4;27;51;9;8;11;6;0;15;8;22;0;0;140;0,008547008547008548;11;5;1;0;1;875;15,666666666666666;5,071428571428571
E:\Documentos Local\GitHub\tcc\Microsservices\MainProgram\,\db\fake\1192,txt;1192;Fake;-1;0;7;22;53;3;3;16;3;2;21;6;27;0;1;138;0,035398230088495575;17;6;0;0;0;866;11,75;5,021739130434782
E:\Documentos Local\GitHub\tcc\Microsservices\MainProgram\,\db\fake\1193,txt;1193;Fake;-1;0;5;18;26;11;4;13;4;4;8;2;13;0;0;94;0,03614457831325301;8;4;0;0;0;579;10,666666666666666;4,9787234042553195
E:\Documentos Local\GitHub\tcc\Microsservices\MainProgram\,\db\fake\1194,txt;1194;Fake;-1;0;6;16;29;6;5;16;2;0;12;1;14;0;0;95;0,023255813953488372;5;4;0;0;0;627;8,818181818181818;5,442105263157894
E:\Documentos Local\GitHub\tcc\Microsservices\MainProgram\,\db\fake\1195,txt;1195;Fake;-1;0;5;13;17;1;1;9;6;0;7;3;9;0;0;65;0,05172413793103448;5;2;0;0;0;423;10,833333333333334;5,323076923076923
E:\Documentos Local\GitHub\tcc\Microsservices\MainProgram\,\db\fake\1196,txt;1196;Fake;-1;0;1;37;58;12;12;29;6;0;24;10;26;0;0;197;0,0223463687150838;14;3;2;0;4;1216;19,9;5,020304568527918
E:\Documentos Local\GitHub\tcc\Microsservices\MainProgram\,\db\fake\1197,txt;1197;Fake;-1;0;7;15;44;2;4;5;8;4;6;6;30;0;0;97;0,04225352112676056;17;5;0;0;0;584;19,6;4,639175257731959
E:\Documentos Local\GitHub\tcc\Microsservices\MainProgram\,\db\fake\1198,txt;1198;Fake;-1;0;4;18;34;4;7;13;3;1;3;4;18;0;3;88;0,02702702702702703;8;5;0;0;0;502;14,833333333333334;4,4772727272727275
E:\Documentos Local\GitHub\tcc\Microsservices\MainProgram\,\db\fake\1199,txt;1199;Fake;-1;0;7;24;70;6;5;17;5;1;22;6;30;0;0;162;0,022900763358778626;20;6;0;0;2;998;20,875;4,907407407407407
E:\Documentos Local\GitHub\tcc\Microsservices\MainProgram\,\db\fake\12,txt;12;Fake;-1;0;7;36;77;17;15;34;4;1;36;11;27;0;0;231;0,03015075376884422;26;11;0;0;0;1355;19,25;4,636363636363637
E:\Documentos Local\GitHub\tcc\Microsservices\MainProgram\,\db\fake\120,txt;120;Fake;-1;0;33;84;201;36;26;79;25;11;93;22;86;0;5;592;0,01953125;48;17;1;2;4;3487;19,766666666666666;4,6925675675675675
E:\Documentos Local\GitHub\tcc\Microsservices\MainProgram\,\db\fake\1200,txt;1200;Fake;-1;0;4;10;38;3;1;7;3;0;14;2;19;0;0;77;0,05172413793103448;10;3;0;0;0;512;16,0;5,311688311688312
E:\Documentos Local\GitHub\tcc\Microsservices\MainProgram\,\db\fake\1201,txt;1201;Fake;-1;0;11;23;31;14;8;9;4;0;21;7;19;0;1;119;0,017391304347826087;5;0;0;0;1;782;13,444444444444445;5,361344537815126
E:\Documentos Local\GitHub\tcc\Microsservices\MainProgram\,\db\fake\1202,txt;1202;Fake;-1;0;8;23;77;4;4;30;2;0;35;13;24;0;3;188;0,018292682926829267;23;7;0;0;0;1106;21,22222222222222;4,696808510638298
E:\Documentos Local\GitHub\tcc\Microsservices\MainProgram\,\db\fake\1203,txt;1203;Fake;-1;0;4;24;38;5;10;23;6;2;16;5;23;0;0;134;0,03278688524590164;10;3;0;0;1;778;19,285714285714285;4,619402985074627
E:\Documentos Local\GitHub\tcc\Microsservices\MainProgram\,\db\fake\1204,txt;1204;Fake;-1;0;12;34;93;13;7;30;11;5;35;10;45;1;1;251;0,009950248756218905;28;26;1;0;2;1581;18,142857142857142;5,087649402390438
E:\Documentos Local\GitHub\tcc\Microsservices\MainProgram\,\db\fake\1205,txt;1205;Fake;-1;0;8;42;60;14;10;20;10;1;21;13;54;0;0;201;0,016483516483516484;14;7;1;0;2;1185;17,25;4,557213930348259
E:\Documentos Local\GitHub\tcc\Microsservices\MainProgram\,\db\fake\1206,txt;1206;Fake;-1;0;0;5;18;0;0;6;2;0;5;3;3;0;0;39;0,03125;7;1;0;0;0;237;13,333333333333334;4,948717948717949
E:\Documentos Local\GitHub\tcc\Microsservices\MainProgram\,\db\fake\1207,txt;1207;Fake;-1;0;2;16;43;6;2;11;2;0;11;5;16;0;3;97;0,05;10;7;0;0;0;664;12,125;5,608247422680412
E:\Documentos Local\GitHub\tcc\Microsservices\MainProgram\,\db\fake\1208,txt;1208;Fake;-1;0;8;22;66;2;5;14;2;13;23;7;44;0;0;179;0,02962962962962963;36;23;1;0;1;1061;23,25;4,5363128491620115
E:\Documentos Local\GitHub\tcc\Microsservices\MainProgram\,\db\fake\1209,txt;1209;Fake;-1;0;16;23;62;9;2;20;6;7;19;14;28;0;0;175;0,007246376811594203;23;12;0;0;1;1059;17,8;4,8342857142857145
E:\Documentos Local\GitHub\tcc\Microsservices\MainProgram\,\db\fake\121,txt;121;Fake;-1;0;15;54;103;17;13;45;20;1;48;13;30;0;0;327;0,016835016835016835;23;6;0;1;2;1992;18,166666666666668;4,941896024464832
E:\Documentos Local\GitHub\tcc\Microsservices\MainProgram\,\db\fake\1210,txt;1210;Fake;-1;0;11;37;103;14;6;29;7;14;38;11;57;0;0;270;0,0228310502283105;45;19;0;3;0;1690;21,076923076923077;4,970370370370371
E:\Documentos Local\GitHub\tcc\Microsservices\MainProgram\,\db\fake\1211,txt;1211;Fake;-1;0;9;30;66;9;6;28;10;3;20;9;51;0;0;195;0,03550295857988166;17;11;0;0;2;1231;22,555555555555557;4,887179487179488
E:\Documentos Local\GitHub\tcc\Microsservices\MainProgram\,\db\fake\1212,txt;1212;Fake;-1;0;4;18;36;2;5;15;6;0;13;5;19;0;1;103;0,010869565217391304;9;2;0;0;1;622;17,166666666666668;4,834951456310679
E:\Documentos Local\GitHub\tcc\Microsservices\MainProgram\,\db\fake\1213,txt;1213;Fake;-1;0;6;22;47;8;3;21;16;2;20;7;32;0;1;147;0,022727272727272728;11;4;0;0;1;917;16,555555555555557;4,9727891156462585
E:\Documentos Local\GitHub\tcc\Microsservices\MainProgram\,\db\fake\1214,txt;1214;Fake;-1;0;6;16;41;5;2;17;3;1;9;6;21;0;0;102;0,024691358024691357;13;6;0;0;1;652;11,444444444444445;5,137254901960785
E:\Documentos Local\GitHub\tcc\Microsservices\MainProgram\,\db\fake\1215,txt;1215;Fake;-1;0;4;21;46;4;3;16;4;2;13;3;27;2;2;116;0,021739130434782608;18;4;0;0;0;691;12,88888888888889;4,698275862068965
E:\Documentos Local\GitHub\tcc\Microsservices\MainProgram\,\db\fake\1216,txt;1216;Fake;-1;0;5;28;52;5;6;24;0;0;17;5;32;0;1;150;0,03125;17;8;0;0;1;955;12,75;5,093333333333334
E:\Documentos Local\GitHub\tcc\Microsservices\MainProgram\,\db\fake\1217,txt;1217;Fake;-1;0;4;35;51;7;13;20;7;2;24;13;38;0;1;177;0,0064516129032258064;15;5;0;0;1;1018;16,272727272727273;4,491525423728813
E:\Documentos Local\GitHub\tcc\Microsservices\MainProgram\,\db\fake\1218,txt;1218;Fake;-1;0;10;46;79;12;10;40;8;4;30;13;52;0;2;247;0,021367521367521368;13;10;0;0;5;1574;19,46153846153846;5,105263157894737
E:\Documentos Local\GitHub\tcc\Microsservices\MainProgram\,\db\fake\1219,txt;1219;Fake;-1;0;7;22;38;7;4;15;6;9;12;6;42;0;1;128;0,04918032786885246;7;3;0;2;2;791;33,5;4,6875
E:\Documentos Local\GitHub\tcc\Microsservices\MainProgram\,\db\fake\122,txt;122;Fake;-1;0;8;19;100;6;2;27;22;0;26;6;18;0;0;203;0,012658227848101266;21;5;0;0;0;1264;25,375;5,078817733990148
E:\Documentos Local\GitHub\tcc\Microsservices\MainProgram\,\db\fake\1220,txt;1220;Fake;-1;0;4;20;50;9;4;19;7;1;15;2;35;0;0;129;0,019801980198019802;17;6;0;0;0;892;10,75;5,604651162790698
E:\Documentos Local\GitHub\tcc\Microsservices\MainProgram\,\db\fake\1221,txt;1221;Fake;-1;0;1;15;31;5;3;11;1;4;9;4;24;0;0;86;0,04;6;1;0;0;1;521;14,666666666666666;4,709302325581396
E:\Documentos Local\GitHub\tcc\Microsservices\MainProgram\,\db\fake\1222,txt;1222;Fake;-1;0;14;29;90;6;6;29;9;4;31;5;42;0;0;215;0,03910614525139665;25;4;0;0;0;1410;18,333333333333332;5,316279069767442
E:\Documentos Local\GitHub\tcc\Microsservices\MainProgram\,\db\fake\1223,txt;1223;Fake;-1;0;2;39;62;11;17;23;6;22;24;9;51;0;2;229;0,014354066985645933;25;21;0;1;1;1345;13,705882352941176;4,580786026200873
E:\Documentos Local\GitHub\tcc\Microsservices\MainProgram\,\db\fake\1224,txt;1224;Fake;-1;0;7;20;36;7;8;22;11;3;17;9;27;0;2;140;0,007518796992481203;5;3;1;0;2;799;17,75;4,485714285714286
E:\Documentos Local\GitHub\tcc\Microsservices\MainProgram\,\db\fake\1225,txt;1225;Fake;-1;0;4;28;50;7;8;19;6;0;21;13;27;0;1;154;0,007142857142857143;11;2;0;0;1;880;17,11111111111111;4,512987012987013
E:\Documentos Local\GitHub\tcc\Microsservices\MainProgram\,\db\fake\1226,txt;1226;Fake;-1;0;11;47;85;24;17;38;14;0;36;10;63;0;0;274;0,012195121951219513;23;7;0;0;3;1638;13,9;4,708029197080292
E:\Documentos Local\GitHub\tcc\Microsservices\MainProgram\,\db\fake\1227,txt;1227;Fake;-1;0;4;22;43;4;3;23;2;10;15;9;33;0;1;140;0,024;14;7;3;0;0;781;35,75;4,228571428571429
E:\Documentos Local\GitHub\tcc\Microsservices\MainProgram\,\db\fake\1228,txt;1228;Fake;-1;0;1;8;25;2;1;9;3;0;5;6;18;0;1;57;0,043478260869565216;8;3;0;0;0;345;19,666666666666668;4,631578947368421
E:\Documentos Local\GitHub\tcc\Microsservices\MainProgram\,\db\fake\1229,txt;1229;Fake;-1;0;3;17;41;4;0;15;6;1;14;6;23;0;0;106;0,03409090909090909;10;2;0;0;0;638;17,833333333333332;4,764150943396227
E:\Documentos Local\GitHub\tcc\Microsservices\MainProgram\,\db\fake\123,txt;123;Fake;-1;0;19;99;176;37;41;89;24;8;73;33;63;1;5;590;0,0072992700729927005;33;14;6;2;3;3325;12,869565217391305;4,461016949152542
E:\Documentos Local\GitHub\tcc\Microsservices\MainProgram\,\db\fake\1230,txt;1230;Fake;-1;0;17;22;64;3;7;29;13;0;22;9;30;0;0;173;0,04794520547945205;13;2;0;0;0;1080;35,0;5,034682080924855
E:\Documentos Local\GitHub\tcc\Microsservices\MainProgram\,\db\fake\1231,txt;1231;Fake;-1;0;3;20;48;2;2;16;3;2;18;3;22;0;0;118;0,010752688172043012;15;4;0;1;0;769;13,11111111111111;5,313559322033898
E:\Documentos Local\GitHub\tcc\Microsservices\MainProgram\,\db\fake\1232,txt;1232;Fake;-1;0;1;13;34;6;3;16;3;1;11;1;11;0;0;88;0,04054054054054054;10;1;0;0;0;524;14,833333333333334;4,795454545454546
E:\Documentos Local\GitHub\tcc\Microsservices\MainProgram\,\db\fake\1233,txt;1233;Fake;-1;0;0;6;9;1;1;1;0;0;3;2;5;0;0;24;0,05555555555555555;5;1;0;0;0;161;8,333333333333334;5,458333333333333
E:\Documentos Local\GitHub\tcc\Microsservices\MainProgram\,\db\fake\1234,txt;1234;Fake;-1;0;1;17;30;5;0;9;4;1;12;6;18;0;0;87;0,056338028169014086;10;3;0;0;0;565;12,571428571428571;5,2298850574712645
E:\Documentos Local\GitHub\tcc\Microsservices\MainProgram\,\db\fake\1235,txt;1235;Fake;-1;0;7;19;48;6;2;17;4;0;7;6;18;0;0;117;0,02197802197802198;18;6;0;0;0;733;13,222222222222221;5,05982905982906
E:\Documentos Local\GitHub\tcc\Microsservices\MainProgram\,\db\fake\1236,txt;1236;Fake;-1;0;5;17;47;4;5;19;8;2;13;7;27;0;0;124;0,0196078431372549;11;4;0;0;2;773;31,75;4,935483870967742
E:\Documentos Local\GitHub\tcc\Microsservices\MainProgram\,\db\fake\1237,txt;1237;Fake;-1;0;2;23;75;5;3;25;3;1;29;4;33;0;2;171;0,029197080291970802;25;13;0;1;1;1031;17,3;4,777777777777778
E:\Documentos Local\GitHub\tcc\Microsservices\MainProgram\,\db\fake\1238,txt;1238;Fake;-1;0;3;19;48;4;2;18;4;3;18;2;24;0;0;115;0,05102040816326531;15;4;0;0;0;751;16,857142857142858;5,234782608695652
E:\Documentos Local\GitHub\tcc\Microsservices\MainProgram\,\db\fake\1239,txt;1239;Fake;-1;0;7;30;49;5;2;21;5;1;13;10;27;0;2;140;0,03361344537815126;16;5;0;0;0;876;17,625;5,035714285714286
E:\Documentos Local\GitHub\tcc\Microsservices\MainProgram\,\db\fake\124,txt;124;Fake;-1;0;15;28;132;9;8;32;9;8;42;3;63;0;2;278;0,015151515151515152;47;22;0;0;3;1740;25,454545454545453;4,967625899280575
E:\Documentos Local\GitHub\tcc\Microsservices\MainProgram\,\db\fake\1240,txt;1240;Fake;-1;0;6;21;69;6;6;20;5;1;25;8;32;0;1;172;0,03597122302158273;20;8;0;0;2;1067;14,583333333333334;4,976744186046512
E:\Documentos Local\GitHub\tcc\Microsservices\MainProgram\,\db\fake\1241,txt;1241;Fake;-1;0;1;4;5;1;1;3;0;1;2;1;5;0;0;19;0,05263157894736842;3;2;0;0;0;105;10,0;4,157894736842105
E:\Documentos Local\GitHub\tcc\Microsservices\MainProgram\,\db\fake\1242,txt;1242;Fake;-1;0;5;15;18;6;10;10;4;1;7;7;14;0;0;83;0,024691358024691357;3;1;2;0;0;468;16,8;4,421686746987952
E:\Documentos Local\GitHub\tcc\Microsservices\MainProgram\,\db\fake\1243,txt;1243;Fake;-1;0;0;2;5;0;0;1;0;0;2;0;2;0;0;10;0,1111111111111111;2;1;0;0;0;59;5,5;4,6
E:\Documentos Local\GitHub\tcc\Microsservices\MainProgram\,\db\fake\1244,txt;1244;Fake;-1;0;7;25;39;6;9;22;10;3;19;8;30;0;0;147;0,013986013986013986;3;2;0;0;2;939;14,9;5,142857142857143
E:\Documentos Local\GitHub\tcc\Microsservices\MainProgram\,\db\fake\1245,txt;1245;Fake;-1;0;6;32;69;5;5;25;9;6;38;7;24;0;0;205;0,02702702702702703;11;1;0;0;0;1250;19,09090909090909;4,921951219512195
E:\Documentos Local\GitHub\tcc\Microsservices\MainProgram\,\db\fake\1246,txt;1246;Fake;-1;0;8;24;33;9;4;17;10;0;11;4;28;0;0;114;0,037037037037037035;1;3;0;0;2;709;11,5;4,894736842105263
E:\Documentos Local\GitHub\tcc\Microsservices\MainProgram\,\db\fake\1247,txt;1247;Fake;-1;0;12;45;78;21;16;28;17;4;31;14;39;0;1;268;0,016736401673640166;18;5;0;0;4;1640;15,11111111111111;4,906716417910448
E:\Documentos Local\GitHub\tcc\Microsservices\MainProgram\,\db\fake\1248,txt;1248;Fake;-1;0;12;37;82;17;4;31;15;1;30;7;43;0;0;228;0,03940886699507389;17;5;0;0;0;1468;21,363636363636363;5,162280701754386
E:\Documentos Local\GitHub\tcc\Microsservices\MainProgram\,\db\fake\1249,txt;1249;Fake;-1;0;20;43;93;15;9;56;26;2;35;9;54;0;1;297;0,022988505747126436;24;8;0;0;0;1845;13,590909090909092;5,006734006734007
E:\Documentos Local\GitHub\tcc\Microsservices\MainProgram\,\db\fake\125,txt;125;Fake;-1;0;13;20;94;5;4;25;9;5;30;4;24;0;2;205;0,024844720496894408;21;6;0;0;2;1239;20,5;4,878048780487805
E:\Documentos Local\GitHub\tcc\Microsservices\MainProgram\,\db\fake\1250,txt;1250;Fake;-1;0;6;17;28;9;3;11;4;0;14;1;19;0;0;89;0,04938271604938271;7;3;0;0;1;539;14,833333333333334;4,775280898876405
E:\Documentos Local\GitHub\tcc\Microsservices\MainProgram\,\db\fake\1251,txt;1251;Fake;-1;0;5;22;46;7;8;17;6;5;19;6;24;0;1;143;0,048;13;4;1;0;1;901;28,6;5,0979020979020975
E:\Documentos Local\GitHub\tcc\Microsservices\MainProgram\,\db\fake\1252,txt;1252;Fake;-1;0;18;54;124;22;11;43;13;6;35;16;73;0;1;342;0,020833333333333332;28;4;0;1;2;2165;15,681818181818182;5,081871345029239
E:\Documentos Local\GitHub\tcc\Microsservices\MainProgram\,\db\fake\1253,txt;1253;Fake;-1;0;28;57;108;29;12;25;17;6;29;24;72;0;2;325;0,018050541516245487;26;3;1;0;2;2110;20,6875;5,218461538461538
E:\Documentos Local\GitHub\tcc\Microsservices\MainProgram\,\db\fake\1254,txt;1254;Fake;-1;0;10;22;73;8;2;17;3;3;23;8;43;0;0;162;0,03278688524590164;25;10;0;0;0;1051;12,692307692307692;5,160493827160494
E:\Documentos Local\GitHub\tcc\Microsservices\MainProgram\,\db\fake\1255,txt;1255;Fake;-1;0;9;19;35;4;4;9;6;0;11;6;17;0;0;98;0,07407407407407407;10;1;0;0;0;644;12,625;5,326530612244898
E:\Documentos Local\GitHub\tcc\Microsservices\MainProgram\,\db\fake\1256,txt;1256;Fake;-1;0;1;18;39;6;1;15;5;1;12;4;17;0;0;104;0,054945054945054944;9;5;0;0;0;637;13,25;4,875
E:\Documentos Local\GitHub\tcc\Microsservices\MainProgram\,\db\fake\1257,txt;1257;Fake;-1;0;17;57;96;14;17;48;21;2;41;16;46;0;2;315;0,017857142857142856;25;4;0;0;6;1905;22,785714285714285;4,838095238095238
E:\Documentos Local\GitHub\tcc\Microsservices\MainProgram\,\db\fake\1258,txt;1258;Fake;-1;0;14;53;90;19;10;40;17;2;35;17;43;0;5;286;0,004149377593360996;27;17;0;1;1;1756;20,571428571428573;4,965034965034965
E:\Documentos Local\GitHub\tcc\Microsservices\MainProgram\,\db\fake\1259,txt;1259;Fake;-1;0;20;28;78;9;3;24;11;1;32;9;34;0;0;195;0,024390243902439025;21;13;0;0;0;1230;15,153846153846153;5,102564102564102
E:\Documentos Local\GitHub\tcc\Microsservices\MainProgram\,\db\fake\126,txt;126;Fake;-1;0;33;64;171;29;22;50;29;3;58;23;70;0;6;465;0,0267639902676399;28;8;1;1;5;2957;19,458333333333332;5,105376344086022
E:\Documentos Local\GitHub\tcc\Microsservices\MainProgram\,\db\fake\1260,txt;1260;Fake;-1;0;2;19;45;11;4;19;8;3;26;2;24;0;0;143;0,015748031496062992;10;5;1;0;1;869;12,0;4,881118881118881
E:\Documentos Local\GitHub\tcc\Microsservices\MainProgram\,\db\fake\1261,txt;1261;Fake;-1;0;3;28;62;11;9;22;11;6;27;7;30;0;2;184;0,019230769230769232;18;3;0;1;3;1065;14,23076923076923;4,581521739130435
E:\Documentos Local\GitHub\tcc\Microsservices\MainProgram\,\db\fake\1262,txt;1262;Fake;-1;0;14;52;90;6;16;54;16;0;52;15;33;0;2;323;0,010169491525423728;21;7;0;0;2;1937;20,1875;4,894736842105263
E:\Documentos Local\GitHub\tcc\Microsservices\MainProgram\,\db\fake\1263,txt;1263;Fake;-1;0;5;20;23;9;5;15;8;2;6;9;28;0;0;100;0,020202020202020204;6;1;0;0;1;625;21,0;4,83
E:\Documentos Local\GitHub\tcc\Microsservices\MainProgram\,\db\fake\1264,txt;1264;Fake;-1;0;11;33;99;10;3;49;13;1;38;17;31;0;1;268;0,017699115044247787;30;8;0;1;0;1633;27,1;4,9440298507462686
E:\Documentos Local\GitHub\tcc\Microsservices\MainProgram\,\db\fake\1265,txt;1265;Fake;-1;0;11;36;81;8;9;33;12;6;33;11;32;0;2;232;0,019138755980861243;12;3;0;0;6;1324;19,5;4,538793103448276
E:\Documentos Local\GitHub\tcc\Microsservices\MainProgram\,\db\fake\1266,txt;1266;Fake;-1;0;11;35;89;11;6;46;27;1;35;10;44;0;0;267;0,02553191489361702;21;6;0;0;1;1763;20,923076923076923;5,359550561797753
E:\Documentos Local\GitHub\tcc\Microsservices\MainProgram\,\db\fake\1267,txt;1267;Fake;-1;0;4;18;42;3;2;15;10;1;12;5;33;0;1;111;0,0425531914893617;11;5;1;1;0;741;9,666666666666666;5,306306306306307
E:\Documentos Local\GitHub\tcc\Microsservices\MainProgram\,\db\fake\1268,txt;1268;Fake;-1;0;2;18;39;2;3;18;6;1;11;2;25;0;0;103;0,041237113402061855;6;3;0;0;0;659;17,666666666666668;5,038834951456311
E:\Documentos Local\GitHub\tcc\Microsservices\MainProgram\,\db\fake\1269,txt;1269;Fake;-1;0;12;34;52;9;8;23;7;2;24;9;39;1;3;173;0,01818181818181818;11;5;0;0;1;1045;14,833333333333334;4,745664739884393
E:\Documentos Local\GitHub\tcc\Microsservices\MainProgram\,\db\fake\127,txt;127;Fake;-1;0;14;58;163;24;20;62;19;5;65;19;49;0;3;441;0,013157894736842105;22;9;2;3;0;2831;23,210526315789473;5,26530612244898
E:\Documentos Local\GitHub\tcc\Microsservices\MainProgram\,\db\fake\1270,txt;1270;Fake;-1;0;6;16;33;9;3;6;2;1;13;2;22;0;0;86;0,015873015873015872;13;5;0;0;0;533;17,8;4,895348837209302
E:\Documentos Local\GitHub\tcc\Microsservices\MainProgram\,\db\fake\1271,txt;1271;Fake;-1;0;3;23;42;4;3;24;13;0;18;4;31;0;1;137;0,008130081300813009;14;8;0;0;0;840;19,857142857142858;4,890510948905109
E:\Documentos Local\GitHub\tcc\Microsservices\MainProgram\,\db\fake\1272,txt;1272;Fake;-1;0;8;21;57;5;1;18;13;1;27;5;23;0;0;153;0,03333333333333333;16;10;0;0;0;970;22,0;5,163398692810458
E:\Documentos Local\GitHub\tcc\Microsservices\MainProgram\,\db\fake\1273,txt;1273;Fake;-1;0;8;13;39;0;5;14;11;2;15;2;12;0;0;103;0,03409090909090909;8;6;0;1;0;655;17,666666666666668;5,155339805825243
E:\Documentos Local\GitHub\tcc\Microsservices\MainProgram\,\db\fake\1274,txt;1274;Fake;-1;0;13;78;99;39;25;48;25;3;46;24;84;0;3;397;0,013513513513513514;25;6;0;2;5;2391;20,3;4,738035264483627
E:\Documentos Local\GitHub\tcc\Microsservices\MainProgram\,\db\fake\1275,txt;1275;Fake;-1;0;5;15;41;1;3;14;5;1;14;3;20;0;0;97;0,04938271604938271;8;4;0;0;0;621;14,0;5,144329896907217
E:\Documentos Local\GitHub\tcc\Microsservices\MainProgram\,\db\fake\1276,txt;1276;Fake;-1;0;12;43;91;10;7;44;28;2;40;11;41;0;0;288;0,01639344262295082;28;17;0;0;2;1760;22,307692307692307;4,947916666666667
E:\Documentos Local\GitHub\tcc\Microsservices\MainProgram\,\db\fake\1277,txt;1277;Fake;-1;0;15;51;109;15;7;43;22;3;59;12;49;0;2;338;0,016129032258064516;23;13;0;0;0;2097;24,5;5,008875739644971
E:\Documentos Local\GitHub\tcc\Microsservices\MainProgram\,\db\fake\1278,txt;1278;Fake;-1;0;2;36;85;16;8;43;16;5;33;14;41;0;0;271;0,00904977375565611;28;11;0;0;0;1591;21,0;4,675276752767528
E:\Documentos Local\GitHub\tcc\Microsservices\MainProgram\,\db\fake\1279,txt;1279;Fake;-1;0;4;23;49;8;5;21;8;1;22;8;28;0;1;157;0,021897810218978103;13;2;0;0;2;951;16,2;4,808917197452229
E:\Documentos Local\GitHub\tcc\Microsservices\MainProgram\,\db\fake\128,txt;128;Fake;-1;0;17;60;152;16;24;47;8;7;67;16;57;0;2;400;0,02318840579710145;33;6;0;1;4;2353;21,42105263157895;4,6425
E:\Documentos Local\GitHub\tcc\Microsservices\MainProgram\,\db\fake\1280,txt;1280;Fake;-1;0;5;24;53;7;8;17;7;9;32;3;27;0;1;172;0,019867549668874173;15;6;0;1;1;1004;21,875;4,598837209302325
E:\Documentos Local\GitHub\tcc\Microsservices\MainProgram\,\db\fake\1281,txt;1281;Fake;-1;0;6;19;63;4;0;15;17;2;28;8;17;0;0;156;0,03571428571428571;9;4;0;0;0;979;26,666666666666668;5,076923076923077
E:\Documentos Local\GitHub\tcc\Microsservices\MainProgram\,\db\fake\1282,txt;1282;Fake;-1;0;13;28;65;5;4;27;9;1;27;8;30;0;1;187;0,032467532467532464;21;6;0;0;0;1143;20,88888888888889;4,919786096256685
E:\Documentos Local\GitHub\tcc\Microsservices\MainProgram\,\db\fake\1283,txt;1283;Fake;-1;0;5;17;45;5;1;17;10;3;22;4;21;0;0;125;0,038834951456310676;14;2;0;0;0;831;18,142857142857142;5,392
E:\Documentos Local\GitHub\tcc\Microsservices\MainProgram\,\db\fake\1284,txt;1284;Fake;-1;0;5;44;104;12;8;43;6;3;38;14;46;0;0;274;0,009009009009009009;37;15;0;1;0;1618;21,23076923076923;4,700729927007299
E:\Documentos Local\GitHub\tcc\Microsservices\MainProgram\,\db\fake\1285,txt;1285;Fake;-1;0;13;28;69;9;7;28;16;4;35;5;28;0;0;204;0,016483516483516484;16;9;0;0;1;1215;22,666666666666668;4,78921568627451
E:\Documentos Local\GitHub\tcc\Microsservices\MainProgram\,\db\fake\1286,txt;1286;Fake;-1;0;12;27;52;9;4;20;7;1;14;8;34;0;1;145;0,022727272727272728;15;13;0;0;0;894;21,571428571428573;4,827586206896552
E:\Documentos Local\GitHub\tcc\Microsservices\MainProgram\,\db\fake\1287,txt;1287;Fake;-1;0;13;40;103;7;3;44;18;2;32;15;42;0;0;271;0,04932735426008968;30;13;0;0;0;1677;18,533333333333335;4,966789667896679
E:\Documentos Local\GitHub\tcc\Microsservices\MainProgram\,\db\fake\1288,txt;1288;Fake;-1;0;10;26;56;10;11;18;4;4;25;8;45;0;0;165;0,04081632653061224;12;2;0;0;2;1015;18,444444444444443;4,824242424242424
E:\Documentos Local\GitHub\tcc\Microsservices\MainProgram\,\db\fake\1289,txt;1289;Fake;-1;0;2;22;26;9;8;15;8;2;6;5;17;0;5;102;0,020202020202020204;8;3;0;1;0;533;15,0;3,9901960784313726
E:\Documentos Local\GitHub\tcc\Microsservices\MainProgram\,\db\fake\129,txt;129;Fake;-1;0;16;49;96;10;9;51;18;1;40;14;36;0;2;301;0,017482517482517484;13;4;1;0;1;1958;25,083333333333332;5,295681063122924
E:\Documentos Local\GitHub\tcc\Microsservices\MainProgram\,\db\fake\1290,txt;1290;Fake;-1;0;6;22;43;4;3;15;7;2;20;5;24;0;0;124;0,028037383177570093;12;2;0;0;2;750;15,875;4,774193548387097
E:\Documentos Local\GitHub\tcc\Microsservices\MainProgram\,\db\fake\1291,txt;1291;Fake;-1;0;8;51;70;20;10;27;30;2;29;20;55;0;2;269;0,017094017094017096;22;4;0;0;6;1649;17,1875;4,877323420074349
E:\Documentos Local\GitHub\tcc\Microsservices\MainProgram\,\db\fake\1292,txt;1292;Fake;-1;0;9;43;87;23;6;42;20;4;39;20;41;1;4;303;0,02681992337164751;24;11;0;0;2;1798;23,53846153846154;4,742574257425742
E:\Documentos Local\GitHub\tcc\Microsservices\MainProgram\,\db\fake\1293,txt;1293;Fake;-1;0;3;10;37;2;0;13;6;1;13;1;12;0;0;84;0,04411764705882353;10;6;0;0;0;503;14,0;4,7976190476190474
E:\Documentos Local\GitHub\tcc\Microsservices\MainProgram\,\db\fake\1294,txt;1294;Fake;-1;0;2;3;5;1;0;2;1;1;3;2;2;0;0;18;0,05555555555555555;1;0;0;0;0;100;9,5;4,388888888888889
E:\Documentos Local\GitHub\tcc\Microsservices\MainProgram\,\db\fake\1295,txt;1295;Fake;-1;0;8;28;43;9;7;23;7;1;16;5;34;0;3;144;0,029411764705882353;6;3;0;0;0;971;21,285714285714285;5,444444444444445
E:\Documentos Local\GitHub\tcc\Microsservices\MainProgram\,\db\fake\1296,txt;1296;Fake;-1;0;5;34;85;12;2;31;19;1;27;14;28;0;2;226;0,03888888888888889;26;6;0;0;0;1405;22,7;5,066371681415929
E:\Documentos Local\GitHub\tcc\Microsservices\MainProgram\,\db\fake\1297,txt;1297;Fake;-1;0;14;69;121;15;16;60;32;18;62;19;76;0;0;426;0,007352941176470588;15;8;0;1;4;2620;22,842105263157894;4,908450704225352
E:\Documentos Local\GitHub\tcc\Microsservices\MainProgram\,\db\fake\1298,txt;1298;Fake;-1;0;18;59;85;11;3;39;26;1;44;15;46;0;1;294;0,03237410071942446;15;4;0;0;2;1890;22,923076923076923;5,22108843537415
E:\Documentos Local\GitHub\tcc\Microsservices\MainProgram\,\db\fake\1299,txt;1299;Fake;-1;0;14;20;61;6;6;17;9;0;16;5;24;0;0;143;0,04838709677419355;8;8;0;0;0;946;18,0;5,4125874125874125
E:\Documentos Local\GitHub\tcc\Microsservices\MainProgram\,\db\fake\13,txt;13;Fake;-1;0;10;38;98;7;9;28;9;2;42;12;25;0;1;255;0,0;30;14;0;0;0;1537;23,181818181818183;4,847058823529411
E:\Documentos Local\GitHub\tcc\Microsservices\MainProgram\,\db\fake\130,txt;130;Fake;-1;0;22;73;153;22;20;39;30;13;61;14;52;0;1;433;0,016713091922005572;51;9;2;1;0;2680;18,041666666666668;4,990762124711316
E:\Documentos Local\GitHub\tcc\Microsservices\MainProgram\,\db\fake\1300,txt;1300;Fake;-1;0;4;21;42;5;3;14;4;3;19;5;15;0;0;120;0,019230769230769232;8;4;0;0;0;703;17,428571428571427;4,691666666666666
E:\Documentos Local\GitHub\tcc\Microsservices\MainProgram\,\db\fake\1301,txt;1301;Fake;-1;0;18;22;95;2;6;25;15;4;29;7;34;0;0;206;0,025477707006369428;28;7;0;0;1;1298;35,0;5,077669902912621
E:\Documentos Local\GitHub\tcc\Microsservices\MainProgram\,\db\fake\1302,txt;1302;Fake;-1;0;9;33;65;10;10;24;25;4;21;17;47;0;0;215;0,021164021164021163;17;1;0;0;3;1433;19,727272727272727;5,409302325581395
E:\Documentos Local\GitHub\tcc\Microsservices\MainProgram\,\db\fake\1303,txt;1303;Fake;-1;0;18;40;104;11;8;36;19;7;53;13;54;0;1;309;0,02962962962962963;24;11;0;1;0;1902;22,357142857142858;4,9288025889967635
E:\Documentos Local\GitHub\tcc\Microsservices\MainProgram\,\db\fake\1304,txt;1304;Fake;-1;0;2;17;44;5;3;25;10;4;20;8;21;0;1;141;0,015267175572519083;7;8;0;0;0;850;20,285714285714285;4,851063829787234
E:\Documentos Local\GitHub\tcc\Microsservices\MainProgram\,\db\fake\1305,txt;1305;Fake;-1;0;5;17;50;4;1;17;6;6;20;2;29;0;2;123;0,008547008547008548;10;3;0;0;0;773;18,285714285714285;4,951219512195122
E:\Documentos Local\GitHub\tcc\Microsservices\MainProgram\,\db\fake\1306,txt;1306;Fake;-1;0;16;23;57;3;4;19;13;0;30;4;27;0;0;160;0,036231884057971016;12;4;0;0;0;1048;20,375;5,325
E:\Documentos Local\GitHub\tcc\Microsservices\MainProgram\,\db\fake\1307,txt;1307;Fake;-1;0;6;25;60;6;2;24;11;0;14;10;35;0;2;155;0,022727272727272728;15;8;0;0;1;940;17,22222222222222;4,806451612903226
E:\Documentos Local\GitHub\tcc\Microsservices\MainProgram\,\db\fake\1308,txt;1308;Fake;-1;0;4;16;41;7;1;15;7;2;17;6;14;0;0;120;0,01904761904761905;11;2;0;0;0;785;17,285714285714285;5,391666666666667
E:\Documentos Local\GitHub\tcc\Microsservices\MainProgram\,\db\fake\1309,txt;1309;Fake;-1;0;6;33;38;10;8;20;8;2;19;12;39;1;1;153;0,034013605442176874;9;3;0;0;3;911;22,0;4,660130718954249
E:\Documentos Local\GitHub\tcc\Microsservices\MainProgram\,\db\fake\131,txt;131;Fake;-1;0;15;44;105;8;13;50;15;4;48;13;31;0;2;306;0,014492753623188406;17;2;1;0;2;1823;23,53846153846154;4,781045751633987
E:\Documentos Local\GitHub\tcc\Microsservices\MainProgram\,\db\fake\1310,txt;1310;Fake;-1;0;14;27;77;4;4;17;13;8;28;3;27;0;0;191;0,020689655172413793;21;12;0;1;0;1167;19,4;4,947643979057592
E:\Documentos Local\GitHub\tcc\Microsservices\MainProgram\,\db\fake\1311,txt;1311;Fake;-1;0;7;24;50;6;1;18;11;1;16;8;21;0;0;137;0,017699115044247787;17;9;0;0;0;832;17,25;4,905109489051095
E:\Documentos Local\GitHub\tcc\Microsservices\MainProgram\,\db\fake\1312,txt;1312;Fake;-1;0;9;14;41;7;1;15;10;7;23;4;21;0;3;128;0,024793388429752067;3;3;1;0;0;732;16,25;4,5
E:\Documentos Local\GitHub\tcc\Microsservices\MainProgram\,\db\fake\1313,txt;1313;Fake;-1;0;11;31;77;6;9;29;9;8;29;8;46;0;0;218;0,011363636363636364;29;5;0;2;1;1346;19,90909090909091;4,894495412844036
E:\Documentos Local\GitHub\tcc\Microsservices\MainProgram\,\db\fake\1314,txt;1314;Fake;-1;0;7;54;84;16;22;28;11;4;36;18;38;0;1;276;0,007692307692307693;9;3;2;0;4;1637;18,466666666666665;4,782608695652174
E:\Documentos Local\GitHub\tcc\Microsservices\MainProgram\,\db\fake\1315,txt;1315;Fake;-1;0;5;12;31;0;3;10;2;0;10;4;11;0;0;72;0,017543859649122806;4;3;0;0;0;461;14,4;5,236111111111111
E:\Documentos Local\GitHub\tcc\Microsservices\MainProgram\,\db\fake\1316,txt;1316;Fake;-1;0;29;60;150;21;17;56;32;7;70;23;54;0;2;450;0,0175;31;8;0;3;0;2764;26,705882352941178;4,997777777777777
E:\Documentos Local\GitHub\tcc\Microsservices\MainProgram\,\db\fake\1317,txt;1317;Fake;-1;0;3;10;34;4;3;18;6;1;20;1;14;0;0;101;0,020833333333333332;1;1;0;0;0;626;17,0;5,0495049504950495
E:\Documentos Local\GitHub\tcc\Microsservices\MainProgram\,\db\fake\1318,txt;1318;Fake;-1;0;9;19;65;11;4;20;17;1;24;8;21;0;0;173;0,029411764705882353;14;6;0;0;0;1057;25,0;4,942196531791907
E:\Documentos Local\GitHub\tcc\Microsservices\MainProgram\,\db\fake\1319,txt;1319;Fake;-1;0;13;29;58;12;6;21;13;5;25;7;37;0;1;186;0,023809523809523808;10;5;0;1;1;1175;17,0;5,10752688172043
E:\Documentos Local\GitHub\tcc\Microsservices\MainProgram\,\db\fake\132,txt;132;Fake;-1;0;13;43;124;14;11;37;16;4;53;15;52;2;1;309;0,023255813953488372;28;5;1;0;2;1868;23,76923076923077;4,776699029126213
E:\Documentos Local\GitHub\tcc\Microsservices\MainProgram\,\db\fake\1320,txt;1320;Fake;-1;0;10;32;62;12;7;26;8;2;23;12;27;0;1;189;0,011834319526627219;13;7;0;0;1;1148;21,0;4,915343915343915
E:\Documentos Local\GitHub\tcc\Microsservices\MainProgram\,\db\fake\1321,txt;1321;Fake;-1;0;12;41;62;10;11;27;16;0;31;7;35;0;0;208;0,030612244897959183;10;10;0;1;2;1299;17,5;5,048076923076923
E:\Documentos Local\GitHub\tcc\Microsservices\MainProgram\,\db\fake\1322,txt;1322;Fake;-1;0;4;33;48;5;12;14;5;4;10;12;27;0;3;144;0,015503875968992248;13;1;3;1;0;885;37,5;4,854166666666667
E:\Documentos Local\GitHub\tcc\Microsservices\MainProgram\,\db\fake\1323,txt;1323;Fake;-1;0;1;11;29;3;9;14;3;0;11;2;19;0;1;79;0,02857142857142857;10;0;0;1;0;483;13,333333333333334;4,822784810126582
E:\Documentos Local\GitHub\tcc\Microsservices\MainProgram\,\db\fake\1324,txt;1324;Fake;-1;0;14;36;73;12;13;25;6;5;29;6;48;0;0;217;0,03208556149732621;22;8;0;1;1;1267;13,8125;4,557603686635945
E:\Documentos Local\GitHub\tcc\Microsservices\MainProgram\,\db\fake\1325,txt;1325;Fake;-1;0;12;33;99;11;5;38;18;0;48;13;36;0;0;274;0,021739130434782608;26;10;0;0;0;1691;21,23076923076923;5,018248175182482
E:\Documentos Local\GitHub\tcc\Microsservices\MainProgram\,\db\fake\1326,txt;1326;Fake;-1;0;8;21;73;11;4;24;6;3;31;4;28;0;0;183;0,02857142857142857;23;15;0;0;1;1086;20,77777777777778;4,715846994535519
E:\Documentos Local\GitHub\tcc\Microsservices\MainProgram\,\db\fake\1327,txt;1327;Fake;-1;0;7;26;40;7;11;21;3;3;13;7;29;0;2;143;0,015625;13;3;0;0;0;861;14,6;4,755244755244755
E:\Documentos Local\GitHub\tcc\Microsservices\MainProgram\,\db\fake\1328,txt;1328;Fake;-1;0;12;50;152;17;10;41;23;14;56;13;51;0;0;385;0,020338983050847456;44;18;0;0;1;2294;22,941176470588236;4,768831168831169
E:\Documentos Local\GitHub\tcc\Microsservices\MainProgram\,\db\fake\1329,txt;1329;Fake;-1;0;9;18;51;5;5;18;7;5;26;6;27;0;0;148;0,015748031496062992;16;5;0;1;0;905;21,428571428571427;4,844594594594595
E:\Documentos Local\GitHub\tcc\Microsservices\MainProgram\,\db\fake\133,txt;133;Fake;-1;0;51;242;374;88;129;178;48;6;178;63;194;2;20;1370;0,01320901320901321;48;39;27;3;12;7884;11,939130434782609;4,506569343065693
E:\Documentos Local\GitHub\tcc\Microsservices\MainProgram\,\db\fake\1330,txt;1330;Fake;-1;0;7;26;45;11;7;25;6;3;13;2;53;0;0;140;0,03759398496240601;4;3;0;0;1;904;21,285714285714285;4,821428571428571
E:\Documentos Local\GitHub\tcc\Microsservices\MainProgram\,\db\fake\1331,txt;1331;Fake;-1;0;2;12;39;3;1;9;11;7;21;3;18;0;0;113;0,020833333333333332;11;2;0;0;1;707;16,285714285714285;5,053097345132743
E:\Documentos Local\GitHub\tcc\Microsservices\MainProgram\,\db\fake\1332,txt;1332;Fake;-1;0;9;22;82;9;1;29;16;6;20;9;24;0;0;200;0,05660377358490566;22;13;0;0;0;1282;22,333333333333332;5,2
E:\Documentos Local\GitHub\tcc\Microsservices\MainProgram\,\db\fake\1333,txt;1333;Fake;-1;0;13;45;92;9;8;38;12;7;37;15;54;0;0;266;0,026200873362445413;25;8;2;0;1;1642;17,8;4,932330827067669
E:\Documentos Local\GitHub\tcc\Microsservices\MainProgram\,\db\fake\1334,txt;1334;Fake;-1;0;9;21;77;3;1;24;15;2;23;7;22;0;1;176;0,023076923076923078;20;6;0;0;0;1121;22,125;5,198863636363637
E:\Documentos Local\GitHub\tcc\Microsservices\MainProgram\,\db\fake\1335,txt;1335;Fake;-1;0;6;21;27;0;11;15;6;1;13;6;21;0;0;108;0,028846153846153848;7;3;0;0;4;708;12,11111111111111;5,333333333333333
E:\Documentos Local\GitHub\tcc\Microsservices\MainProgram\,\db\fake\1336,txt;1336;Fake;-1;0;8;23;61;9;4;22;15;2;27;11;24;0;0;179;0,02666666666666667;18;8;0;0;1;1062;18,2;4,743016759776537
E:\Documentos Local\GitHub\tcc\Microsservices\MainProgram\,\db\fake\1337,txt;1337;Fake;-1;0;0;8;28;2;1;8;2;0;9;2;7;0;0;61;0,0;9;0;0;0;1;421;10,166666666666666;5,770491803278689
E:\Documentos Local\GitHub\tcc\Microsservices\MainProgram\,\db\fake\1338,txt;1338;Fake;-1;0;11;42;68;15;16;31;9;1;27;13;43;0;1;226;0,014285714285714285;15;3;0;1;5;1438;15,333333333333334;5,123893805309734
E:\Documentos Local\GitHub\tcc\Microsservices\MainProgram\,\db\fake\1339,txt;1339;Fake;-1;0;9;24;46;5;4;21;15;1;28;4;18;0;0;151;0,036231884057971016;8;2;0;0;1;932;17,0;5,013245033112582
E:\Documentos Local\GitHub\tcc\Microsservices\MainProgram\,\db\fake\134,txt;134;Fake;-1;0;5;36;93;8;8;39;16;4;35;14;21;0;0;260;0,026200873362445413;16;12;0;1;0;1545;23,636363636363637;4,826923076923077
E:\Documentos Local\GitHub\tcc\Microsservices\MainProgram\,\db\fake\1340,txt;1340;Fake;-1;0;2;5;18;1;1;0;1;0;4;1;12;0;0;29;0,05263157894736842;7;0;0;0;0;208;14,5;5,586206896551724
E:\Documentos Local\GitHub\tcc\Microsservices\MainProgram\,\db\fake\1341,txt;1341;Fake;-1;0;11;40;73;6;7;27;24;8;25;12;30;0;1;232;0,03365384615384615;20;10;1;0;1;1463;19,5;5,142241379310345
E:\Documentos Local\GitHub\tcc\Microsservices\MainProgram\,\db\fake\1342,txt;1342;Fake;-1;0;16;50;104;19;10;50;32;0;47;16;46;0;1;349;0,00949367088607595;17;8;0;0;1;2110;23,333333333333332;4,891117478510028
E:\Documentos Local\GitHub\tcc\Microsservices\MainProgram\,\db\fake\1343,txt;1343;Fake;-1;0;6;18;44;7;1;14;8;0;17;6;13;0;1;116;0,0425531914893617;15;3;0;0;0;721;23,2;5,051724137931035
E:\Documentos Local\GitHub\tcc\Microsservices\MainProgram\,\db\fake\1344,txt;1344;Fake;-1;0;7;23;59;6;1;22;18;0;21;8;27;0;2;160;0,022900763358778626;18;9;0;0;0;946;23,0;4,70625
E:\Documentos Local\GitHub\tcc\Microsservices\MainProgram\,\db\fake\1345,txt;1345;Fake;-1;0;3;22;48;9;4;15;15;0;11;10;26;0;0;136;0,044642857142857144;18;5;0;0;2;869;13,9;5,139705882352941
E:\Documentos Local\GitHub\tcc\Microsservices\MainProgram\,\db\fake\1346,txt;1346;Fake;-1;0;4;27;68;2;5;32;11;0;16;13;36;0;0;172;0,03546099290780142;18;9;0;0;2;1038;15,636363636363637;4,773255813953488
E:\Documentos Local\GitHub\tcc\Microsservices\MainProgram\,\db\fake\1347,txt;1347;Fake;-1;0;10;33;64;6;4;29;11;1;20;10;32;0;1;183;0,04487179487179487;21;8;0;0;1;1195;20,666666666666668;5,295081967213115
E:\Documentos Local\GitHub\tcc\Microsservices\MainProgram\,\db\fake\1348,txt;1348;Fake;-1;0;5;27;46;9;5;21;8;0;17;7;17;0;0;153;0,02857142857142857;7;1;0;0;1;988;17,333333333333332;5,281045751633987
E:\Documentos Local\GitHub\tcc\Microsservices\MainProgram\,\db\fake\1349,txt;1349;Fake;-1;0;4;15;40;2;0;12;11;1;15;3;20;0;0;100;0,044444444444444446;8;3;0;0;0;682;17,0;5,53
E:\Documentos Local\GitHub\tcc\Microsservices\MainProgram\,\db\fake\135,txt;135;Fake;-1;0;13;35;112;16;6;44;20;12;37;7;34;0;3;297;0,00851063829787234;28;6;1;2;0;1876;22,846153846153847;5,124579124579125
E:\Documentos Local\GitHub\tcc\Microsservices\MainProgram\,\db\fake\1350,txt;1350;Fake;-1;0;19;28;64;4;10;21;6;5;32;4;38;0;1;182;0,018633540372670808;16;9;1;0;1;1142;18,3;5,032967032967033
E:\Documentos Local\GitHub\tcc\Microsservices\MainProgram\,\db\fake\1351,txt;1351;Fake;-1;0;5;22;58;9;3;26;14;1;26;7;24;0;1;162;0,02027027027027027;11;4;0;0;0;1052;27,0;5,320987654320987
E:\Documentos Local\GitHub\tcc\Microsservices\MainProgram\,\db\fake\1352,txt;1352;Fake;-1;0;11;49;87;10;6;32;20;1;36;17;48;0;0;268;0,029411764705882353;20;11;0;0;1;1722;20,615384615384617;5,205223880597015
E:\Documentos Local\GitHub\tcc\Microsservices\MainProgram\,\db\fake\1353,txt;1353;Fake;-1;0;6;31;83;13;1;26;6;0;25;14;33;0;0;207;0,03614457831325301;24;15;0;0;0;1281;19,09090909090909;4,956521739130435
E:\Documentos Local\GitHub\tcc\Microsservices\MainProgram\,\db\fake\1354,txt;1354;Fake;-1;0;13;15;66;7;4;24;15;4;41;2;28;0;0;181;0,03614457831325301;12;7;0;0;0;1108;22,875;4,917127071823204
E:\Documentos Local\GitHub\tcc\Microsservices\MainProgram\,\db\fake\1355,txt;1355;Fake;-1;0;1;19;45;3;0;15;7;2;16;9;15;0;0;123;0,02586206896551724;5;4;0;0;0;787;21,0;5,211382113821138
E:\Documentos Local\GitHub\tcc\Microsservices\MainProgram\,\db\fake\1356,txt;1356;Fake;-1;0;7;16;40;0;0;20;14;0;21;8;14;0;0;121;0,027522935779816515;10;6;0;0;0;735;20,166666666666668;4,933884297520661
E:\Documentos Local\GitHub\tcc\Microsservices\MainProgram\,\db\fake\1357,txt;1357;Fake;-1;0;8;33;81;12;8;34;8;5;36;9;46;0;2;231;0,019230769230769232;21;19;0;1;3;1442;15,733333333333333;5,0
E:\Documentos Local\GitHub\tcc\Microsservices\MainProgram\,\db\fake\1358,txt;1358;Fake;-1;0;5;16;28;2;3;8;1;0;3;6;12;0;1;70;0,02127659574468085;12;2;0;0;1;448;11,666666666666666;5,185714285714286
E:\Documentos Local\GitHub\tcc\Microsservices\MainProgram\,\db\fake\1359,txt;1359;Fake;-1;0;4;37;83;10;5;29;13;5;30;10;47;0;2;232;0,015544041450777202;25;5;0;0;1;1409;26,333333333333332;4,801724137931035
E:\Documentos Local\GitHub\tcc\Microsservices\MainProgram\,\db\fake\136,txt;136;Fake;-1;0;14;37;144;4;5;35;9;16;57;10;40;0;3;323;0,024291497975708502;33;13;0;0;1;1952;21,6;4,808049535603715
E:\Documentos Local\GitHub\tcc\Microsservices\MainProgram\,\db\fake\1360,txt;1360;Fake;-1;0;9;24;68;6;7;21;10;2;19;6;19;0;1;169;0,03875968992248062;18;7;0;1;1;1036;21,25;4,964497041420119
E:\Documentos Local\GitHub\tcc\Microsservices\MainProgram\,\db\fake\1361,txt;1361;Fake;-1;0;9;22;52;8;1;15;6;5;16;8;33;0;2;144;0,043478260869565216;22;5;0;0;1;874;14,6;4,784722222222222
E:\Documentos Local\GitHub\tcc\Microsservices\MainProgram\,\db\fake\1362,txt;1362;Fake;-1;0;4;36;79;6;17;38;14;1;30;6;38;0;2;232;0,024630541871921183;18;8;2;0;5;1457;21,454545454545453;5,051724137931035
E:\Documentos Local\GitHub\tcc\Microsservices\MainProgram\,\db\fake\1363,txt;1363;Fake;-1;0;15;41;84;9;9;42;12;0;38;9;43;0;0;251;0,017857142857142856;19;5;0;0;2;1565;15,9375;4,99601593625498
E:\Documentos Local\GitHub\tcc\Microsservices\MainProgram\,\db\fake\1364,txt;1364;Fake;-1;0;9;60;106;10;26;57;26;10;54;19;58;0;0;384;0,019662921348314606;21;8;0;0;10;2304;20,57894736842105;4,809895833333333
E:\Documentos Local\GitHub\tcc\Microsservices\MainProgram\,\db\fake\1365,txt;1365;Fake;-1;0;9;38;68;9;7;27;11;4;26;4;47;0;0;198;0,011235955056179775;15;7;0;1;0;1267;25,625;5,05050505050505
E:\Documentos Local\GitHub\tcc\Microsservices\MainProgram\,\db\fake\1366,txt;1366;Fake;-1;0;12;15;46;3;1;25;12;1;13;9;14;0;0;133;0,061946902654867256;17;7;0;0;0;854;16,75;5,2781954887218046
E:\Documentos Local\GitHub\tcc\Microsservices\MainProgram\,\db\fake\1367,txt;1367;Fake;-1;0;7;21;51;5;0;20;14;5;20;6;27;0;1;148;0,023622047244094488;15;8;0;0;0;882;18,875;4,702702702702703
E:\Documentos Local\GitHub\tcc\Microsservices\MainProgram\,\db\fake\1368,txt;1368;Fake;-1;0;10;30;57;14;7;22;9;2;20;6;38;0;0;173;0,020134228187919462;17;5;1;1;1;1076;13,538461538461538;4,930635838150289
E:\Documentos Local\GitHub\tcc\Microsservices\MainProgram\,\db\fake\1369,txt;1369;Fake;-1;0;6;20;46;3;0;21;7;2;19;5;19;0;0;126;0,02564102564102564;5;1;0;0;0;780;21,0;4,984126984126984
E:\Documentos Local\GitHub\tcc\Microsservices\MainProgram\,\db\fake\137,txt;137;Fake;-1;0;19;48;196;14;13;58;12;8;68;17;85;0;1;451;0,02535211267605634;63;25;0;2;2;2920;21,476190476190474;5,155210643015521
E:\Documentos Local\GitHub\tcc\Microsservices\MainProgram\,\db\fake\1370,txt;1370;Fake;-1;0;9;16;38;7;6;16;1;0;22;6;29;0;0;117;0,0380952380952381;11;3;2;0;1;702;16,857142857142858;4,6923076923076925
E:\Documentos Local\GitHub\tcc\Microsservices\MainProgram\,\db\fake\1371,txt;1371;Fake;-1;0;5;32;48;8;5;19;11;2;13;9;27;0;0;153;0,0078125;21;8;0;1;2;948;22,0;5,0
E:\Documentos Local\GitHub\tcc\Microsservices\MainProgram\,\db\fake\1372,txt;1372;Fake;-1;0;10;31;89;6;5;30;15;3;41;7;34;0;0;230;0,028846153846153848;17;5;0;0;0;1406;25,666666666666668;4,952173913043478
E:\Documentos Local\GitHub\tcc\Microsservices\MainProgram\,\db\fake\1373,txt;1373;Fake;-1;0;9;20;61;9;9;21;7;3;25;9;38;0;0;172;0,028169014084507043;16;5;0;1;2;1025;19,333333333333332;4,691860465116279
E:\Documentos Local\GitHub\tcc\Microsservices\MainProgram\,\db\fake\1374,txt;1374;Fake;-1;0;6;37;59;11;6;30;11;3;23;11;41;0;1;203;0,021505376344086023;10;8;0;0;1;1144;12,8125;4,403940886699507
E:\Documentos Local\GitHub\tcc\Microsservices\MainProgram\,\db\fake\1375,txt;1375;Fake;-1;0;8;22;45;8;5;17;2;2;9;10;25;1;0;123;0,018518518518518517;13;7;2;0;0;759;13,88888888888889;4,926829268292683
E:\Documentos Local\GitHub\tcc\Microsservices\MainProgram\,\db\fake\1376,txt;1376;Fake;-1;0;16;58;163;10;4;55;32;4;58;16;55;0;0;412;0,023529411764705882;37;14;0;1;0;2523;23,055555555555557;4,949029126213592
E:\Documentos Local\GitHub\tcc\Microsservices\MainProgram\,\db\fake\1377,txt;1377;Fake;-1;0;6;27;63;9;2;27;9;1;21;12;32;0;1;169;0,02112676056338028;22;6;0;0;0;1037;21,375;4,881656804733728
E:\Documentos Local\GitHub\tcc\Microsservices\MainProgram\,\db\fake\1378,txt;1378;Fake;-1;0;8;28;60;5;3;22;9;2;19;10;23;0;0;163;0,024;25;4;0;0;0;964;14,909090909090908;4,754601226993865
E:\Documentos Local\GitHub\tcc\Microsservices\MainProgram\,\db\fake\1379,txt;1379;Fake;-1;0;3;13;35;7;1;11;4;0;10;3;18;0;0;85;0,029850746268656716;10;5;0;0;0;552;12,285714285714286;5,223529411764706
E:\Documentos Local\GitHub\tcc\Microsservices\MainProgram\,\db\fake\138,txt;138;Fake;-1;0;24;99;185;22;20;72;29;13;90;22;94;1;1;553;0,019762845849802372;36;14;1;0;5;3347;15,36111111111111;4,755877034358047
E:\Documentos Local\GitHub\tcc\Microsservices\MainProgram\,\db\fake\1380,txt;1380;Fake;-1;0;3;29;41;7;7;18;2;1;16;5;27;0;0;126;0,018018018018018018;10;1;0;0;0;725;16,25;4,4523809523809526
E:\Documentos Local\GitHub\tcc\Microsservices\MainProgram\,\db\fake\1381,txt;1381;Fake;-1;0;2;3;7;0;0;2;1;2;4;2;4;0;0;23;0,047619047619047616;2;1;0;0;0;119;12,0;3,9565217391304346
E:\Documentos Local\GitHub\tcc\Microsservices\MainProgram\,\db\fake\1382,txt;1382;Fake;-1;0;8;18;61;8;2;17;6;4;29;3;32;0;2;154;0,024;21;11;0;0;0;971;19,375;5,025974025974026
E:\Documentos Local\GitHub\tcc\Microsservices\MainProgram\,\db\fake\1383,txt;1383;Fake;-1;0;8;36;47;10;8;21;16;3;14;13;30;0;0;173;0,012987012987012988;17;9;0;0;1;1070;21,875;4,976878612716763
E:\Documentos Local\GitHub\tcc\Microsservices\MainProgram\,\db\fake\1384,txt;1384;Fake;-1;0;17;52;106;15;13;38;17;16;53;19;43;0;1;343;0,025806451612903226;19;10;2;0;3;1935;23,0;4,481049562682216
E:\Documentos Local\GitHub\tcc\Microsservices\MainProgram\,\db\fake\1385,txt;1385;Fake;-1;0;13;33;67;16;4;29;20;2;23;7;28;0;0;209;0,0106951871657754;18;7;0;0;2;1278;19,0;4,961722488038277
E:\Documentos Local\GitHub\tcc\Microsservices\MainProgram\,\db\fake\1386,txt;1386;Fake;-1;0;12;34;67;12;7;22;4;5;28;13;27;1;1;203;0,023255813953488372;18;6;1;0;2;1256;20,4;5,029556650246305
E:\Documentos Local\GitHub\tcc\Microsservices\MainProgram\,\db\fake\1387,txt;1387;Fake;-1;0;6;22;56;10;4;17;15;4;18;6;19;0;0;161;0,022900763358778626;18;12;0;0;0;993;14,727272727272727;5,012422360248447
E:\Documentos Local\GitHub\tcc\Microsservices\MainProgram\,\db\fake\1388,txt;1388;Fake;-1;0;6;25;45;4;6;19;12;1;19;2;22;0;1;133;0,024193548387096774;10;3;0;0;0;904;17,125;5,586466165413534
E:\Documentos Local\GitHub\tcc\Microsservices\MainProgram\,\db\fake\1389,txt;1389;Fake;-1;0;6;35;41;9;10;22;11;3;22;13;34;2;0;177;0,017964071856287425;6;3;5;1;0;1046;22,25;4,728813559322034
E:\Documentos Local\GitHub\tcc\Microsservices\MainProgram\,\db\fake\139,txt;139;Fake;-1;0;7;32;102;14;6;37;6;8;40;11;16;0;1;257;0,041666666666666664;19;1;0;3;0;1541;25,7;4,871595330739299
E:\Documentos Local\GitHub\tcc\Microsservices\MainProgram\,\db\fake\1390,txt;1390;Fake;-1;0;8;18;44;1;4;13;5;9;19;6;19;0;0;128;0,02608695652173913;11;6;0;0;1;748;18,428571428571427;4,6484375
E:\Documentos Local\GitHub\tcc\Microsservices\MainProgram\,\db\fake\1391,txt;1391;Fake;-1;0;8;42;66;14;18;26;12;0;22;13;53;0;3;219;0,015384615384615385;22;4;0;1;5;1344;18,75;4,799086757990867
E:\Documentos Local\GitHub\tcc\Microsservices\MainProgram\,\db\fake\1392,txt;1392;Fake;-1;0;10;39;80;12;15;38;21;1;40;13;39;0;4;260;0,013452914798206279;29;3;2;4;3;1562;18,714285714285715;4,823076923076923
E:\Documentos Local\GitHub\tcc\Microsservices\MainProgram\,\db\fake\1393,txt;1393;Fake;-1;0;1;2;10;0;1;5;1;0;3;1;7;0;0;23;0,058823529411764705;4;2;0;0;0;136;11,5;4,565217391304348
E:\Documentos Local\GitHub\tcc\Microsservices\MainProgram\,\db\fake\1394,txt;1394;Fake;-1;0;13;15;46;3;5;15;10;1;12;7;27;0;0;120;0,00909090909090909;8;8;0;0;0;757;17,571428571428573;5,033333333333333
E:\Documentos Local\GitHub\tcc\Microsservices\MainProgram\,\db\fake\1395,txt;1395;Fake;-1;0;5;25;48;10;14;14;5;2;15;1;44;0;0;146;0,008;11;3;2;0;1;882;12,5;4,6438356164383565
E:\Documentos Local\GitHub\tcc\Microsservices\MainProgram\,\db\fake\1396,txt;1396;Fake;-1;0;4;12;27;5;4;10;3;2;8;1;19;0;1;77;0,029850746268656716;8;3;0;0;0;455;10,125;4,51948051948052
E:\Documentos Local\GitHub\tcc\Microsservices\MainProgram\,\db\fake\1397,txt;1397;Fake;-1;0;1;3;10;0;0;1;0;0;1;0;3;0;0;15;0,0;2;1;0;0;0;100;7,5;5,333333333333333
E:\Documentos Local\GitHub\tcc\Microsservices\MainProgram\,\db\fake\1398,txt;1398;Fake;-1;0;2;18;37;6;4;16;4;1;13;5;27;0;1;110;0,04950495049504951;9;3;1;0;1;663;23,0;4,6454545454545455
E:\Documentos Local\GitHub\tcc\Microsservices\MainProgram\,\db\fake\1399,txt;1399;Fake;-1;0;6;20;45;7;6;21;3;0;28;9;14;0;0;144;0,015151515151515152;6;3;0;1;0;922;24,5;5,284722222222222
E:\Documentos Local\GitHub\tcc\Microsservices\MainProgram\,\db\fake\14,txt;14;Fake;-1;0;3;16;42;8;3;11;5;1;15;4;14;0;0;110;0,034482758620689655;18;5;0;0;0;667;18,333333333333332;4,790909090909091
E:\Documentos Local\GitHub\tcc\Microsservices\MainProgram\,\db\fake\140,txt;140;Fake;-1;0;12;22;61;6;3;17;8;5;28;5;20;0;1;155;0,0078125;14;11;0;0;1;982;15,6;5,109677419354838
E:\Documentos Local\GitHub\tcc\Microsservices\MainProgram\,\db\fake\1400,txt;1400;Fake;-1;0;8;34;64;13;15;30;10;2;23;12;39;2;5;213;0,02072538860103627;13;6;2;0;2;1242;16,615384615384617;4,615023474178404
E:\Documentos Local\GitHub\tcc\Microsservices\MainProgram\,\db\fake\1401,txt;1401;Fake;-1;0;5;21;54;5;6;22;6;1;19;7;27;0;1;146;0,032520325203252036;15;7;0;1;0;846;18,625;4,568493150684931
E:\Documentos Local\GitHub\tcc\Microsservices\MainProgram\,\db\fake\1402,txt;1402;Fake;-1;0;11;23;48;2;5;11;4;2;20;5;27;0;0;128;0,009900990099009901;18;6;0;0;1;772;11,818181818181818;4,765625
E:\Documentos Local\GitHub\tcc\Microsservices\MainProgram\,\db\fake\1403,txt;1403;Fake;-1;0;5;53;75;21;21;38;10;5;30;10;65;0;1;275;0,015267175572519083;19;4;1;0;4;1650;21,923076923076923;4,658181818181818
E:\Documentos Local\GitHub\tcc\Microsservices\MainProgram\,\db\fake\1404,txt;1404;Fake;-1;0;6;28;51;14;8;16;3;0;15;7;41;0;1;149;0,031007751937984496;12;2;0;0;0;923;22,142857142857142;4,791946308724833
E:\Documentos Local\GitHub\tcc\Microsservices\MainProgram\,\db\fake\1405,txt;1405;Fake;-1;0;6;16;38;6;4;6;0;0;13;3;23;0;2;90;0,027777777777777776;10;5;1;0;0;533;15,5;4,5777777777777775
E:\Documentos Local\GitHub\tcc\Microsservices\MainProgram\,\db\fake\1406,txt;1406;Fake;-1;0;4;29;29;7;8;12;3;1;11;11;27;0;0;113;0,0297029702970297;9;2;2;0;2;655;14,625;4,460176991150442
E:\Documentos Local\GitHub\tcc\Microsservices\MainProgram\,\db\fake\1407,txt;1407;Fake;-1;0;4;14;29;4;3;11;4;0;7;3;15;0;1;75;0,04411764705882353;9;1;0;0;0;456;19,0;4,8
E:\Documentos Local\GitHub\tcc\Microsservices\MainProgram\,\db\fake\1408,txt;1408;Fake;-1;0;9;30;58;8;4;21;2;2;26;9;31;0;0;169;0,03870967741935484;14;3;0;0;2;1086;14,333333333333334;5,195266272189349
E:\Documentos Local\GitHub\tcc\Microsservices\MainProgram\,\db\fake\1409,txt;1409;Fake;-1;0;4;17;32;3;4;9;4;0;11;4;11;0;0;88;0,01282051282051282;5;2;0;0;1;543;14,666666666666666;5,0227272727272725
E:\Documentos Local\GitHub\tcc\Microsservices\MainProgram\,\db\fake\141,txt;141;Fake;-1;0;14;44;97;15;10;38;22;7;45;11;38;0;4;289;0,016260162601626018;30;8;0;0;1;1702;22,23076923076923;4,681660899653979
E:\Documentos Local\GitHub\tcc\Microsservices\MainProgram\,\db\fake\1410,txt;1410;Fake;-1;0;2;26;37;10;13;11;5;2;20;3;31;0;2;127;0,04878048780487805;11;2;1;0;4;756;44,333333333333336;4,559055118110236
E:\Documentos Local\GitHub\tcc\Microsservices\MainProgram\,\db\fake\1411,txt;1411;Fake;-1;0;6;33;62;4;9;24;4;0;27;15;36;0;1;179;0,02564102564102564;14;1;1;1;1;1014;22,75;4,435754189944134
E:\Documentos Local\GitHub\tcc\Microsservices\MainProgram\,\db\fake\1412,txt;1412;Fake;-1;0;9;19;55;5;1;19;10;2;25;7;19;0;0;149;0,03125;15;9;0;0;0;905;21,857142857142858;4,89261744966443
E:\Documentos Local\GitHub\tcc\Microsservices\MainProgram\,\db\fake\1413,txt;1413;Fake;-1;0;15;41;69;23;21;37;12;8;34;10;48;0;0;262;0,00819672131147541;12;8;1;3;0;1471;11,565217391304348;4,400763358778626
E:\Documentos Local\GitHub\tcc\Microsservices\MainProgram\,\db\fake\1414,txt;1414;Fake;-1;0;10;27;58;10;8;22;7;2;31;12;37;0;0;183;0,006134969325153374;16;3;3;0;1;1121;20,555555555555557;4,868852459016393
E:\Documentos Local\GitHub\tcc\Microsservices\MainProgram\,\db\fake\1415,txt;1415;Fake;-1;0;11;12;54;6;1;14;8;6;22;5;19;0;0;135;0,049586776859504134;6;5;0;0;0;780;22,666666666666668;4,607407407407408
E:\Documentos Local\GitHub\tcc\Microsservices\MainProgram\,\db\fake\1416,txt;1416;Fake;-1;0;6;21;50;7;10;25;12;0;26;8;21;0;0;164;0,02564102564102564;7;5;0;1;0;996;18,333333333333332;4,920731707317073
E:\Documentos Local\GitHub\tcc\Microsservices\MainProgram\,\db\fake\1417,txt;1417;Fake;-1;0;13;37;80;9;7;35;11;3;31;13;43;0;0;234;0,019417475728155338;23;11;0;0;1;1331;19,833333333333332;4,452991452991453
E:\Documentos Local\GitHub\tcc\Microsservices\MainProgram\,\db\fake\1418,txt;1418;Fake;-1;0;6;29;83;6;3;22;8;4;28;6;33;0;0;193;0,025477707006369428;16;5;0;0;1;1190;21,666666666666668;4,932642487046632
E:\Documentos Local\GitHub\tcc\Microsservices\MainProgram\,\db\fake\1419,txt;1419;Fake;-1;0;16;36;120;4;6;26;11;5;48;13;36;0;1;275;0,0045045045045045045;34;10;0;0;1;1732;19,857142857142858;5,130909090909091
E:\Documentos Local\GitHub\tcc\Microsservices\MainProgram\,\db\fake\142,txt;142;Fake;-1;0;8;30;55;13;8;31;8;7;32;9;17;1;2;199;0,027932960893854747;11;4;2;0;1;1142;22,11111111111111;4,613065326633166
E:\Documentos Local\GitHub\tcc\Microsservices\MainProgram\,\db\fake\1420,txt;1420;Fake;-1;0;8;28;99;14;7;49;14;7;38;8;54;0;2;278;0,01276595744680851;31;19;0;0;1;1648;13,476190476190476;4,640287769784172
E:\Documentos Local\GitHub\tcc\Microsservices\MainProgram\,\db\fake\1421,txt;1421;Fake;-1;0;6;21;42;12;3;16;6;4;17;5;22;0;0;132;0,045454545454545456;16;6;0;0;1;785;16,625;4,712121212121212
E:\Documentos Local\GitHub\tcc\Microsservices\MainProgram\,\db\fake\1422,txt;1422;Fake;-1;0;3;12;32;7;1;9;3;1;13;2;13;0;0;80;0,04285714285714286;6;3;0;0;1;498;11,714285714285714;5,0375
E:\Documentos Local\GitHub\tcc\Microsservices\MainProgram\,\db\fake\1423,txt;1423;Fake;-1;0;4;21;44;2;3;20;4;9;22;5;18;0;0;146;0,02962962962962963;10;4;0;0;0;938;14,7;5,280821917808219
E:\Documentos Local\GitHub\tcc\Microsservices\MainProgram\,\db\fake\1424,txt;1424;Fake;-1;0;6;28;53;12;3;15;12;3;20;8;38;0;5;158;0,03571428571428571;11;5;0;0;1;1018;17,77777777777778;5,139240506329114
E:\Documentos Local\GitHub\tcc\Microsservices\MainProgram\,\db\fake\1425,txt;1425;Fake;-1;0;3;10;21;0;3;4;0;0;3;3;19;0;0;45;0,06060606060606061;10;2;1;1;0;343;9,2;6,022222222222222
E:\Documentos Local\GitHub\tcc\Microsservices\MainProgram\,\db\fake\1426,txt;1426;Fake;-1;0;13;48;77;16;20;31;16;3;36;19;62;0;0;272;0,015748031496062992;9;7;1;0;7;1606;19,785714285714285;4,610294117647059
E:\Documentos Local\GitHub\tcc\Microsservices\MainProgram\,\db\fake\1427,txt;1427;Fake;-1;0;5;27;63;6;3;19;2;2;19;7;30;0;0;155;0,024793388429752067;18;4;0;1;0;975;17,555555555555557;5,038709677419355
E:\Documentos Local\GitHub\tcc\Microsservices\MainProgram\,\db\fake\1428,txt;1428;Fake;-1;0;17;13;46;6;1;9;6;4;18;6;19;0;0;114;0,03333333333333333;12;4;0;0;0;717;38,333333333333336;5,078947368421052
E:\Documentos Local\GitHub\tcc\Microsservices\MainProgram\,\db\fake\1429,txt;1429;Fake;-1;0;2;17;26;6;4;16;7;2;8;7;11;0;0;101;0,031914893617021274;8;6;0;2;1;602;14,571428571428571;4,772277227722772
E:\Documentos Local\GitHub\tcc\Microsservices\MainProgram\,\db\fake\143,txt;143;Fake;-1;0;37;47;137;15;4;52;9;1;48;8;45;0;1;314;0,01556420233463035;36;27;0;0;0;1880;21,133333333333333;4,703821656050955
E:\Documentos Local\GitHub\tcc\Microsservices\MainProgram\,\db\fake\1430,txt;1430;Fake;-1;0;9;24;30;11;11;15;4;0;11;3;26;0;0;115;0,018691588785046728;5;2;2;0;1;681;14,75;4,626086956521739
E:\Documentos Local\GitHub\tcc\Microsservices\MainProgram\,\db\fake\1431,txt;1431;Fake;-1;0;6;27;41;8;13;16;7;0;18;5;28;0;2;140;0,044444444444444446;4;2;0;0;0;898;29,0;5,164285714285715
E:\Documentos Local\GitHub\tcc\Microsservices\MainProgram\,\db\fake\1432,txt;1432;Fake;-1;0;5;7;29;4;2;9;6;0;11;2;11;0;0;69;0,017543859649122806;9;3;0;0;0;408;11,5;4,72463768115942
E:\Documentos Local\GitHub\tcc\Microsservices\MainProgram\,\db\fake\1433,txt;1433;Fake;-1;0;1;23;47;3;12;24;6;3;16;6;31;0;0;141;0,03875968992248062;12;2;2;0;3;812;20,857142857142858;4,460992907801418
E:\Documentos Local\GitHub\tcc\Microsservices\MainProgram\,\db\fake\1434,txt;1434;Fake;-1;0;19;46;116;13;10;41;17;3;51;15;44;0;0;320;0,02142857142857143;30;14;0;3;2;2024;24,76923076923077;5,15
E:\Documentos Local\GitHub\tcc\Microsservices\MainProgram\,\db\fake\1435,txt;1435;Fake;-1;0;8;34;54;10;13;20;9;4;29;9;31;0;0;187;0,029239766081871343;8;4;1;0;3;1128;20,88888888888889;4,855614973262032
E:\Documentos Local\GitHub\tcc\Microsservices\MainProgram\,\db\fake\1436,txt;1436;Fake;-1;0;9;29;88;13;11;33;14;4;22;9;51;0;2;239;0,014218009478672985;22;7;1;2;0;1456;17,357142857142858;4,828451882845188
E:\Documentos Local\GitHub\tcc\Microsservices\MainProgram\,\db\fake\1437,txt;1437;Fake;-1;0;7;15;27;11;6;11;6;12;21;2;13;0;1;125;0,0;4;4;0;2;0;717;17,857142857142858;4,6
E:\Documentos Local\GitHub\tcc\Microsservices\MainProgram\,\db\fake\1438,txt;1438;Fake;-1;0;14;20;61;6;3;17;11;4;28;4;27;0;0;159;0,022556390977443608;16;8;0;0;0;993;20,125;5,0251572327044025
E:\Documentos Local\GitHub\tcc\Microsservices\MainProgram\,\db\fake\1439,txt;1439;Fake;-1;0;3;29;55;15;9;23;4;0;18;7;33;0;2;169;0,019736842105263157;16;10;1;0;1;967;21,5;4,455621301775148
E:\Documentos Local\GitHub\tcc\Microsservices\MainProgram\,\db\fake\144,txt;144;Fake;-1;0;23;32;92;10;6;28;14;7;45;8;29;0;1;261;0,009216589861751152;22;7;0;0;1;1732;17,4;5,440613026819923
E:\Documentos Local\GitHub\tcc\Microsservices\MainProgram\,\db\fake\1440,txt;1440;Fake;-1;0;2;19;45;7;6;8;4;3;17;1;35;0;1;112;0,011627906976744186;18;1;2;0;0;732;8,692307692307692;5,1875
E:\Documentos Local\GitHub\tcc\Microsservices\MainProgram\,\db\fake\1441,txt;1441;Fake;-1;0;11;29;55;11;5;19;10;3;25;5;49;0;1;166;0,03184713375796178;6;0;2;0;0;1086;15,727272727272727;5,132530120481928
E:\Documentos Local\GitHub\tcc\Microsservices\MainProgram\,\db\fake\1442,txt;1442;Fake;-1;0;10;32;102;8;5;28;20;24;54;11;40;0;4;310;0,02631578947368421;40;22;0;0;0;1863;20,0;4,7612903225806456
E:\Documentos Local\GitHub\tcc\Microsservices\MainProgram\,\db\fake\1443,txt;1443;Fake;-1;0;2;22;41;7;5;14;5;1;24;5;23;0;1;127;0,02608695652173913;9;3;0;0;2;819;12,9;5,21259842519685
E:\Documentos Local\GitHub\tcc\Microsservices\MainProgram\,\db\fake\1444,txt;1444;Fake;-1;0;8;35;54;8;12;26;5;2;25;6;41;0;0;180;0,03592814371257485;13;9;0;0;5;1061;18,4;4,594444444444444
E:\Documentos Local\GitHub\tcc\Microsservices\MainProgram\,\db\fake\1445,txt;1445;Fake;-1;0;7;14;67;3;3;13;3;0;19;5;33;0;0;126;0,03409090909090909;27;11;0;1;0;841;12,6;5,373015873015873
E:\Documentos Local\GitHub\tcc\Microsservices\MainProgram\,\db\fake\1446,txt;1446;Fake;-1;0;1;20;46;5;5;21;3;1;10;8;37;0;2;121;0,026785714285714284;9;4;1;0;2;689;18,0;4,297520661157025
E:\Documentos Local\GitHub\tcc\Microsservices\MainProgram\,\db\fake\1447,txt;1447;Fake;-1;0;5;16;45;4;2;15;2;2;11;2;21;0;1;101;0,038461538461538464;10;3;0;0;0;643;12,625;5,118811881188119
